time,open,high,low,close,volume,squeeze_momentum,squeeze_on,squeeze_off,short_term_MA,long_term_MA
2023-04-10 04:00:00,28230.0,28334.7,28293.94,28255.96,155.70931327,,False,False,,
2023-04-10 05:00:00,28213.07,28332.47,28257.2,28300.36,197.49928466,,False,False,,
2023-04-10 06:00:00,28271.8,28315.04,28300.3,28295.21,109.52385235,,False,False,,
2023-04-10 07:00:00,28253.24,28324.02,28293.7,28307.58,160.83493658,,False,False,,
2023-04-10 08:00:00,28304.8,28400.97,28307.55,28311.65,262.24902678,,False,False,28294.152000000002,
2023-04-10 09:00:00,28291.91,28371.22,28311.5,28334.94,133.98523422,,False,False,28309.948000000004,
2023-04-10 10:00:00,28309.06,28381.26,28334.06,28351.23,189.962286,,False,False,28320.121999999996,
2023-04-10 11:00:00,28299.99,28385.19,28350.88,28323.41,253.46485776,,False,False,28325.762,
2023-04-10 12:00:00,28264.49,28334.66,28323.41,28288.82,360.4503326,,False,False,28322.01,
2023-04-10 13:00:00,28162.49,28313.62,28287.78,28222.76,582.45293306,,False,False,28304.232,
2023-04-10 14:00:00,28203.65,28361.89,28222.34,28323.31,438.36667798,,False,False,28301.906,
2023-04-10 15:00:00,28323.68,28595.33,28324.36,28459.05,1483.16674059,,False,False,28323.469999999994,
2023-04-10 16:00:00,28399.43,29181.99,28459.05,29065.11,2362.84790634,,False,False,28471.809999999998,
2023-04-10 17:00:00,29021.84,29311.02,29065.09,29185.3,2041.81425182,,False,False,28651.106,
2023-04-10 18:00:00,29134.18,29318.21,29185.29,29296.89,1117.47714053,,False,False,28865.932,
2023-04-10 19:00:00,29067.8,29318.24,29296.89,29197.1,962.72332992,,False,False,29040.690000000002,
2023-04-10 20:00:00,29092.0,29241.92,29194.03,29148.61,886.81306381,,False,False,29178.602000000003,
2023-04-10 21:00:00,29117.67,29308.88,29145.67,29252.04,627.71337108,,False,False,29215.988,
2023-04-10 22:00:00,29247.31,29789.0,29252.07,29614.26,1413.55265131,,False,False,29301.78,
2023-04-10 23:00:00,29610.01,29794.47,29615.15,29660.41,1198.1919355,,False,False,29374.483999999997,28709.7
2023-04-11 00:00:00,29612.3,30000.0,29657.7,29954.58,1326.22815381,,False,True,29525.98,28794.631
2023-04-11 01:00:00,29778.69,30344.0,29950.97,30205.76,1685.9577579,,False,True,29737.409999999996,28889.901
2023-04-11 02:00:00,30014.04,30457.4,30214.88,30100.09,1713.28561712,,False,True,29907.02,28980.145
2023-04-11 03:00:00,29950.0,30150.0,30097.86,30143.15,1032.10972092,,False,True,30012.798,29071.923499999997
2023-04-11 04:00:00,30051.12,30200.0,30140.84,30135.41,351.92669002,,False,True,30107.798,29163.1115
2023-04-11 05:00:00,29817.51,30177.5,30131.74,29912.34,589.36001077,,False,True,30099.35,29241.9815
2023-04-11 06:00:00,29903.26,30114.24,29914.48,30062.24,263.96645982,,False,True,30070.646,29327.531999999996
2023-04-11 07:00:00,30053.9,30186.0,30058.52,30129.75,293.54444454,,False,True,30076.578,29417.849
2023-04-11 08:00:00,30066.54,30176.31,30132.23,30122.87,208.83351464,,False,True,30072.521999999997,29509.551499999994
2023-04-11 09:00:00,30002.41,30122.87,30119.78,30080.74,573.30227839,,False,True,30061.588,29602.4505
2023-04-11 10:00:00,30029.47,30172.21,30080.75,30145.99,415.89698793,,False,True,30108.318,29693.584500000004
2023-04-11 11:00:00,30074.19,30150.0,30145.68,30079.15,390.12670403,,False,True,30111.7,29774.589499999995
2023-04-11 12:00:00,30032.2,30232.43,30077.93,30123.39,707.87670697,,False,True,30110.428000000004,29827.5035
2023-04-11 13:00:00,30098.64,30285.07,30123.4,30271.87,783.95814641,,False,True,30140.228000000003,29881.832000000002
2023-04-11 14:00:00,29995.99,30308.01,30274.17,30087.36,865.29094725,,False,True,30141.552000000003,29921.355500000005
2023-04-11 15:00:00,30063.93,30279.5,30087.0,30226.82,591.69573254,,False,True,30157.718,29972.8415
2023-04-11 16:00:00,30130.87,30303.8,30223.65,30154.55,708.20785962,,False,True,30172.798,30023.1385
2023-04-11 17:00:00,30061.0,30247.79,30154.51,30233.69,736.35236595,,False,True,30194.857999999997,30072.221
2023-04-11 18:00:00,30175.26,30273.33,30233.69,30262.3,729.00682254,0.0005832039324291298,False,True,30192.944,30104.623000000003
2023-04-11 19:00:00,30136.05,30584.58,30261.37,30162.41,1830.10524793,-0.07010118408366496,True,False,30207.953999999998,30129.722999999998
2023-04-11 20:00:00,29957.76,30214.31,30162.4,30191.76,1497.71098483,-0.10541680421409375,True,False,30200.942,30141.582000000002
2023-04-11 21:00:00,30151.69,30285.16,30192.65,30221.37,591.84328004,-0.10582752550379415,False,True,30214.306,30142.3625
2023-04-11 22:00:00,30175.46,30303.46,30221.37,30294.68,432.51677687,-0.09551690365152643,False,True,30226.503999999997,30152.091999999997
2023-04-11 23:00:00,30181.11,30306.41,30293.23,30227.19,318.11836728,-0.08934784122818232,False,True,30219.482,30156.294
2023-04-12 00:00:00,30224.84,30387.17,30227.18,30260.46,809.87890651,-0.07397968805921247,False,True,30239.091999999997,30162.546500000004
2023-04-12 01:00:00,30151.75,30322.36,30260.46,30199.7,386.39146778,-0.08795482619094502,True,False,30240.68,30176.914500000003
2023-04-12 02:00:00,29859.94,30203.44,30199.7,29951.52,1105.51218894,-0.13100404536848267,False,True,30186.71,30171.378500000003
2023-04-12 03:00:00,29886.11,30029.58,29952.88,29956.17,423.84784439,-0.16073613330291583,False,True,30119.008,30162.6995
2023-04-12 04:00:00,29918.25,30032.97,29956.16,30014.05,233.20157949,-0.17557650045315162,False,True,30076.379999999997,30157.258500000004
2023-04-12 05:00:00,29925.12,30037.72,30014.03,29953.43,272.44419465,-0.2021487793052605,False,True,30014.974,30150.893
2023-04-12 06:00:00,29879.5,29989.69,29955.19,29962.99,291.04627763,-0.2185745680879826,False,True,29967.632,30141.743
2023-04-12 07:00:00,29942.62,30098.21,29960.86,30011.97,274.20510633,-0.23076813930371318,False,True,29979.721999999998,30138.384000000002
2023-04-12 08:00:00,29933.85,30079.92,30012.24,29938.18,197.99994795,-0.2502221061509837,False,True,29976.124,30129.123500000005
2023-04-12 09:00:00,29909.14,30036.72,29938.15,30032.84,278.71460288,-0.23519718252811897,False,True,29979.882,30117.172000000002
2023-04-12 10:00:00,30004.45,30055.96,30031.39,30021.9,231.10051363,-0.23565439603431196,False,True,29993.576,30113.899000000005
2023-04-12 11:00:00,29968.88,30046.61,30021.99,30043.23,288.84816188,-0.2185885662757442,False,True,30009.624,30104.7195
2023-04-12 12:00:00,29951.9,30517.0,30042.68,30192.27,2109.72935827,-0.18284794149463415,False,True,30045.683999999997,30106.605499999998
2023-04-12 13:00:00,29993.13,30372.04,30192.14,30082.34,1334.34969196,-0.1627345374017269,False,True,30074.516000000003,30099.038
2023-04-12 14:00:00,30041.29,30290.63,30082.33,30048.98,1025.66672444,-0.1453845650898006,False,True,30077.744,30088.371999999996
2023-04-12 15:00:00,29675.0,30095.93,30046.64,29991.85,1187.79769406,-0.14498457709132756,False,True,30071.733999999997,30079.844
2023-04-12 16:00:00,29934.8,30062.85,29991.85,29956.8,742.38003168,-0.14606792320393902,False,True,30054.447999999997,30068.096
2023-04-12 17:00:00,29932.52,30119.99,29956.8,30051.49,742.41468647,-0.1241271066705603,False,True,30026.291999999998,30059.602000000003
2023-04-12 18:00:00,29868.01,30089.97,30051.49,29939.21,824.53622024,-0.11161222607377722,False,True,29997.666000000005,30041.828499999996
2023-04-12 19:00:00,29776.89,29974.95,29937.87,29815.16,742.45428649,-0.12109960224353815,False,True,29950.901999999995,30021.227000000003
2023-04-12 20:00:00,29785.42,29978.1,29818.33,29967.04,333.53489015,-0.09424622567968069,False,True,29945.940000000002,30006.556
2023-04-12 21:00:00,29919.29,30007.54,29967.22,29967.5,320.4540028,-0.06942415142588332,True,False,29948.079999999998,29994.946000000004
2023-04-12 22:00:00,29821.85,30000.0,29967.65,29866.29,472.00041309,-0.08372088411188569,False,True,29911.04,29990.684499999996
2023-04-12 23:00:00,29842.13,29966.35,29868.23,29912.2,332.57524048,-0.08954176575331974,False,True,29905.638,29988.486000000004
2023-04-13 00:00:00,29878.08,30066.28,29912.2,30013.48,394.60667077,-0.07320896140358311,False,True,29945.302000000003,29988.4575
2023-04-13 01:00:00,29967.29,30110.0,30015.17,30093.69,296.22154369,-0.050908954605683,False,True,29970.632,29995.470499999996
2023-04-13 02:00:00,30022.25,30249.0,30093.68,30144.57,441.12274909,-0.02373387346009211,False,True,30006.046000000002,30004.5495
2023-04-13 03:00:00,30070.06,30154.11,30147.27,30104.01,224.85342907,-0.003876822127192373,False,True,30053.589999999997,30009.1515
2023-04-13 04:00:00,30073.3,30143.78,30103.26,30084.65,145.10150317,0.0023994991082864486,False,True,30088.079999999998,30016.475
2023-04-13 05:00:00,30070.1,30161.77,30084.65,30136.93,176.53522845,0.02316016108038524,False,True,30112.77,30021.6795
2023-04-13 06:00:00,30020.01,30153.61,30137.12,30050.96,217.21891738,0.025280001815767995,False,True,30104.224,30023.132499999996
2023-04-13 07:00:00,30031.3,30140.52,30051.01,30097.58,256.35631628,0.03625097930616541,False,True,30094.826,30025.85
2023-04-13 08:00:00,30068.41,30292.87,30096.08,30222.4,587.94861254,0.08168208197072001,False,True,30118.503999999997,30027.3565
2023-04-13 09:00:00,30185.6,30400.0,30220.75,30239.01,808.15983164,0.11753705672164008,False,True,30149.376,30035.190000000002
2023-04-13 10:00:00,30182.36,30280.0,30239.0,30240.55,320.42202831,0.14693791483974006,False,True,30170.1,30044.7685
2023-04-13 11:00:00,30179.3,30272.61,30240.54,30191.79,369.18164316,0.1586644778596689,False,True,30198.266000000003,30054.7655
2023-04-13 12:00:00,30167.13,30338.91,30192.75,30303.67,612.13144408,0.18190843271174456,False,True,30239.484000000004,30072.108999999997
2023-04-13 13:00:00,30193.13,30368.74,30300.57,30208.46,879.17641934,0.19120392996898197,False,True,30236.695999999996,30079.9575
2023-04-13 14:00:00,30198.98,30569.23,30208.45,30473.97,1112.7639687,0.23209892595187945,False,True,30283.688000000002,30106.6955
2023-04-13 15:00:00,30336.0,30627.05,30470.17,30474.57,1399.12274005,0.2510263260643351,False,True,30330.492,30139.665999999997
2023-04-13 16:00:00,30297.31,30514.65,30474.56,30359.46,529.84926816,0.2534986902982044,False,True,30364.026,30159.287
2023-04-13 17:00:00,30314.21,30477.23,30359.46,30466.22,563.69444014,0.2685272807546621,False,True,30396.536,30184.222999999998
2023-04-13 18:00:00,30444.93,30579.5,30465.07,30480.85,590.67709755,0.26798156475047935,False,True,30451.014000000003,30214.951
2023-04-13 19:00:00,30343.03,30483.05,30480.8,30372.96,711.63689463,0.2429927360183689,False,True,30430.811999999998,30237.988999999994
2023-04-13 20:00:00,30226.74,30371.35,30371.35,30281.18,648.5475375,0.20542177745538936,False,True,30392.134000000002,30251.374
2023-04-13 21:00:00,30275.01,30368.86,30281.18,30315.88,341.27812613,0.17874734147266558,False,True,30383.417999999998,30262.483500000002
2023-04-13 22:00:00,30312.94,30430.97,30315.87,30336.11,491.97332621,0.15826891116881375,False,True,30357.395999999997,30272.0605
2023-04-13 23:00:00,30310.28,30422.0,30336.11,30406.78,386.69300511,0.14452080011018265,False,True,30342.582000000002,30287.199
2023-04-14 00:00:00,30337.18,30832.0,30410.03,30776.64,1430.47878891,0.18784558194447454,False,True,30423.318,30321.798499999997
2023-04-14 01:00:00,30720.37,30941.21,30776.65,30815.7,862.45168733,0.23065964548944795,False,True,30530.222,30355.737
2023-04-14 02:00:00,30550.01,30847.3,30815.69,30632.91,828.63909437,0.22244246002705492,False,True,30593.628000000004,30384.834500000004
2023-04-14 03:00:00,30587.67,30775.24,30632.9,30728.1,367.64969576,0.22647583326951903,False,True,30672.026,30416.3605
2023-04-14 04:00:00,30703.06,30792.67,30728.1,30738.98,336.06245759,0.2361685588568382,False,True,30738.465999999997,30442.189499999997
2023-04-14 05:00:00,30725.1,30869.16,30738.98,30828.68,600.48103015,0.25670929389534575,False,True,30748.874,30471.673000000003
2023-04-14 06:00:00,30745.01,31050.0,30829.45,30980.59,1005.79388316,0.2951707024657512,False,True,30781.852000000003,30508.675
2023-04-14 07:00:00,30759.38,31000.0,30980.47,30766.57,823.35341034,0.2808922455657927,False,True,30808.583999999995,30537.414
2023-04-14 08:00:00,30684.45,30826.47,30766.26,30762.46,496.25208912,0.2694718620281126,False,True,30815.456,30560.353500000005
2023-04-14 09:00:00,30725.09,30828.51,30760.11,30822.88,443.20516817,0.2544765604926651,False,True,30832.235999999997,30591.0745
2023-04-14 10:00:00,30783.1,30861.51,30821.96,30797.82,372.30400744,0.2532586103753352,False,True,30826.064000000002,30607.267
2023-04-14 11:00:00,30755.68,30841.08,30797.83,30833.24,322.52039444,0.2552589433229275,False,True,30796.594,30625.2005
2023-04-14 12:00:00,30601.34,30885.77,30833.24,30646.78,1072.33987577,0.21008838119832632,False,True,30772.636,30639.566499999997
2023-04-14 13:00:00,30626.18,30783.72,30646.03,30750.7,1116.59464913,0.1911242633498615,False,True,30770.284000000003,30653.790499999996
2023-04-14 14:00:00,30515.18,30802.3,30750.7,30630.37,1832.95496858,0.15045222342395762,False,True,30731.782,30661.266500000005
2023-04-14 15:00:00,30114.99,30660.9,30629.25,30260.76,2158.39737542,0.035898467034971626,False,True,30624.370000000003,30655.6565
2023-04-14 16:00:00,30000.0,30296.13,30260.53,30173.55,1166.09291232,-0.09597991493134522,False,True,30492.432,30650.275
2023-04-14 17:00:00,30152.97,30308.31,30175.59,30294.71,830.58129884,-0.1969815191721649,False,True,30422.018,30649.2165
2023-04-14 18:00:00,30256.25,30382.71,30294.71,30297.71,758.90117568,-0.2905350141942826,False,True,30331.419999999995,30647.296500000004
2023-04-14 19:00:00,30214.38,30377.06,30297.03,30344.97,797.77136947,-0.3642038364995316,False,True,30274.340000000004,30644.206
2023-04-14 20:00:00,30297.71,30544.92,30344.96,30475.6,1009.61937843,-0.37503438975699727,False,True,30317.308,30629.154
2023-04-14 21:00:00,30420.0,30558.27,30475.54,30482.14,511.35081965,-0.3729247389119042,False,True,30379.026,30612.476000000002
2023-04-14 22:00:00,30439.36,30484.76,30482.14,30462.6,318.15678393,-0.3837716997340134,False,True,30412.604000000003,30603.960499999997
2023-04-14 23:00:00,30373.09,30519.24,30462.6,30492.92,331.60546192,-0.37588907185732395,False,True,30451.645999999997,30592.201500000003
2023-04-15 00:00:00,30400.0,30622.38,30492.91,30400.0,414.32410823,-0.3779477575327604,False,True,30462.652000000002,30575.252500000002
2023-04-15 01:00:00,30301.62,30430.98,30399.01,30395.97,264.37113879,-0.364610830328263,False,True,30446.726000000002,30553.617
2023-04-15 02:00:00,30369.15,30468.16,30394.18,30404.05,234.95691896,-0.3269588488892763,False,True,30431.108,30524.79
2023-04-15 03:00:00,30390.13,30454.37,30404.05,30408.5,162.641481,-0.29926952183919675,False,True,30420.288,30506.8865
2023-04-15 04:00:00,30366.61,30426.31,30408.49,30387.05,183.92400511,-0.2702083768793224,False,True,30399.114,30488.115999999998
2023-04-15 05:00:00,30379.72,30452.52,30387.05,30450.52,134.99344597,-0.21923503375357517,False,True,30409.218,30469.498
2023-04-15 06:00:00,30390.33,30463.84,30450.0,30419.73,94.7674533,-0.17100280255215874,False,True,30413.97,30450.5935
2023-04-15 07:00:00,30413.21,30493.54,30421.62,30453.18,144.02124783,-0.10862373199580876,False,True,30423.795999999995,30431.590500000002
2023-04-15 08:00:00,30385.84,30483.29,30453.17,30412.27,107.07405898,-0.06690724178796702,False,True,30424.55,30419.865
2023-04-15 09:00:00,30412.24,30492.52,30412.27,30485.03,130.91619185,-0.0014182944080795765,False,True,30444.146,30406.5815
2023-04-15 10:00:00,30425.16,30500.0,30485.13,30443.89,174.03117545,0.047029640019647836,False,True,30442.82,30397.2575
2023-04-15 11:00:00,30395.53,30471.01,30443.89,30418.09,200.39433677,0.05536161556170188,False,True,30442.492,30405.124
2023-04-15 12:00:00,30405.5,30480.81,30418.08,30455.24,424.14777883,0.054847627884930084,False,True,30442.904,30419.2085
2023-04-15 13:00:00,30313.73,30477.69,30455.23,30362.19,278.73383896,0.041011878829800875,False,True,30432.888,30422.5825
2023-04-15 14:00:00,30329.5,30412.78,30362.19,30390.87,244.94948612,0.027901383651924957,True,False,30414.056,30427.240499999996
2023-04-15 15:00:00,30351.01,30453.34,30391.62,30358.33,419.53682333,0.00876756079278926,True,False,30396.944,30427.908499999998
2023-04-15 16:00:00,30291.17,30375.39,30357.89,30344.85,299.00725959,-0.0018654437696547718,False,True,30382.296000000002,30421.371000000003
2023-04-15 17:00:00,30231.76,30354.09,30346.48,30276.08,239.69213958,-0.022052299052791532,False,True,30346.464,30411.068
2023-04-15 18:00:00,30272.54,30342.56,30275.28,30335.36,218.25472749,-0.031124718998280215,False,True,30341.097999999998,30404.706
2023-04-15 19:00:00,30257.11,30367.29,30335.36,30362.6,189.49468426,-0.03148350508028749,False,True,30335.444,30398.189999999995
2023-04-15 20:00:00,30287.85,30375.0,30362.6,30306.08,278.51560098,-0.049011757808571,False,True,30324.994,30393.494
2023-04-15 21:00:00,30269.44,30330.0,30306.07,30293.08,197.9730834,-0.06791028581671843,False,True,30314.640000000003,30388.3495
2023-04-15 22:00:00,30266.01,30395.19,30293.08,30379.62,275.70977162,-0.06896219775697116,False,True,30335.347999999998,30387.127999999997
2023-04-15 23:00:00,30304.18,30392.42,30379.62,30324.11,174.291483,-0.07839248314651752,False,True,30333.097999999998,30382.908499999998
2023-04-16 00:00:00,30289.56,30349.91,30325.07,30304.04,292.03925164,-0.0916694768204461,False,True,30321.386,30378.758
2023-04-16 01:00:00,30148.28,30305.28,30305.23,30264.83,291.81383971,-0.10347225968083104,False,True,30313.136,30369.4735
2023-04-16 02:00:00,30250.21,30317.58,30263.88,30291.45,111.95108438,-0.10944314692625451,False,True,30312.809999999998,30363.059500000003
2023-04-16 03:00:00,30254.4,30301.65,30291.38,30278.5,105.17152995,-0.11103691717313226,False,True,30292.586,30354.3255
2023-04-16 04:00:00,30273.48,30344.72,30278.5,30331.65,112.8313058,-0.10336471345001955,False,True,30294.094,30350.2945
2023-04-16 05:00:00,30319.65,30370.12,30331.66,30336.47,142.93356895,-0.08577786323892342,False,True,30300.579999999998,30342.866500000004
2023-04-16 06:00:00,30326.33,30382.85,30335.93,30334.21,65.84204851,-0.06922991927293728,False,True,30314.456,30337.3825
2023-04-16 07:00:00,30321.54,30425.25,30334.2,30371.27,127.0284584,-0.047176710809487606,False,True,30330.420000000002,30335.041500000003
2023-04-16 08:00:00,30349.66,30383.06,30371.26,30359.86,53.0494716,-0.02422739827432101,False,True,30346.692,30330.2725
2023-04-16 09:00:00,30279.68,30360.35,30360.15,30302.02,208.05663382,-0.020068681297644015,False,True,30340.766000000003,30327.264000000003
2023-04-16 10:00:00,30277.53,30321.23,30301.47,30321.23,74.00205975,-0.01001273260248863,False,True,30337.718,30323.782
2023-04-16 11:00:00,30237.17,30354.51,30322.3,30252.91,111.55826933,-0.014967752006145276,False,True,30321.458000000002,30318.511000000006
2023-04-16 12:00:00,30226.31,30304.54,30251.24,30282.39,244.6238336,-0.014984563753302838,False,True,30303.682,30315.388
2023-04-16 13:00:00,30183.95,30290.05,30284.83,30279.39,233.23936568,-0.02148161579648602,False,True,30287.588,30315.5535
2023-04-16 14:00:00,30267.29,30349.15,30279.77,30333.48,264.3028874,-0.013659141505290172,False,True,30293.879999999997,30315.459500000004
2023-04-16 15:00:00,30322.28,30390.71,30332.21,30357.31,277.46536465,0.00021836633999300223,False,True,30301.095999999998,30315.195
2023-04-16 16:00:00,30259.14,30369.73,30356.98,30361.2,277.92202831,0.008912644351933703,False,True,30322.754000000004,30317.951
2023-04-16 17:00:00,30312.1,30405.16,30361.11,30322.81,292.71821753,0.007812315837325949,False,True,30330.838,30319.4375
2023-04-16 18:00:00,30316.04,30510.2,30321.85,30507.25,331.4089065,0.04529733846128472,False,True,30376.410000000003,30325.819
2023-04-16 19:00:00,30302.42,30572.1,30501.29,30336.85,763.09334532,0.044440723021263645,False,True,30377.083999999995,30326.456
2023-04-16 20:00:00,30209.89,30433.06,30333.89,30367.24,399.72181192,0.0459862316304159,False,True,30379.07,30329.615999999998
2023-04-16 21:00:00,30273.08,30417.03,30367.24,30413.37,484.99263884,0.05007747258170706,False,True,30389.503999999997,30337.042999999998
2023-04-16 22:00:00,30228.01,30431.54,30413.31,30355.08,598.52526828,0.04370822529516102,False,True,30395.958000000002,30340.2245
2023-04-16 23:00:00,30266.91,30384.6,30355.08,30326.09,365.95792474,0.030043703671506217,False,True,30359.726000000002,30342.604
2023-04-17 00:00:00,29802.15,30340.21,30321.41,29869.19,1563.26280082,-0.0576145378809973,False,True,30266.194,30319.481
2023-04-17 01:00:00,29767.86,30060.93,29869.18,29965.77,1339.94047736,-0.11798945371953219,False,True,30185.9,30300.945999999996
2023-04-17 02:00:00,29907.29,30120.83,29965.33,30035.49,738.20428589,-0.15844456888974545,False,True,30110.324,30286.010000000002
2023-04-17 03:00:00,29968.4,30062.47,30035.17,30003.78,223.14917309,-0.1941183037101165,False,True,30040.064000000002,30267.635499999997
2023-04-17 04:00:00,29931.37,30010.97,30002.98,30001.9,205.16993666,-0.2233556834737333,False,True,29975.226000000002,30249.7375
2023-04-17 05:00:00,29955.5,30034.69,30001.93,30022.54,167.96913134,-0.24725503150084066,False,True,30005.896,30235.7635
2023-04-17 06:00:00,29913.0,30031.66,30020.41,29930.96,175.9639089,-0.27950396844581377,False,True,29998.934,30216.25
2023-04-17 07:00:00,29851.0,29962.73,29930.96,29864.74,272.46068608,-0.3218936291229605,False,True,29964.784000000003,30196.8415
2023-04-17 08:00:00,29816.99,29940.72,29864.54,29933.84,212.99821967,-0.3419933628650348,False,True,29950.796000000002,30179.413999999997
2023-04-17 09:00:00,29867.85,29944.14,29931.82,29899.98,224.48214165,-0.361871398006828,False,True,29930.412,30160.4435
2023-04-17 10:00:00,29788.0,29917.4,29899.98,29907.29,431.77485992,-0.3684732702943054,False,True,29907.362,30139.134
2023-04-17 11:00:00,29405.36,29914.62,29905.06,29589.47,987.56994635,-0.4199917500959641,False,True,29839.064000000002,30100.742000000006
2023-04-17 12:00:00,29457.01,29617.33,29586.84,29548.66,892.32156087,-0.4636735665546991,False,True,29775.848000000005,30060.114999999998
2023-04-17 13:00:00,29265.02,29559.73,29550.2,29417.63,1089.55422653,-0.5187606568614358,False,True,29672.606,30014.856
2023-04-17 14:00:00,29367.59,29502.6,29416.17,29457.13,614.73215289,-0.5327355592200338,False,True,29584.036,29962.35
2023-04-17 15:00:00,29251.71,29484.0,29457.14,29373.16,671.90492941,-0.5591420266863663,False,True,29477.21,29914.165500000003
2023-04-17 16:00:00,29338.84,29548.02,29372.19,29479.84,604.21566844,-0.5483886588164754,False,True,29455.283999999996,29869.7955
2023-04-17 17:00:00,29461.6,29547.99,29480.7,29480.59,421.0666013,-0.5196171712558276,False,True,29441.670000000002,29823.156500000005
2023-04-17 18:00:00,29472.94,29594.45,29480.32,29544.24,395.6978183,-0.47204435260000555,False,True,29466.992,29782.614500000003
2023-04-17 19:00:00,29459.64,29601.55,29544.23,29483.15,795.51235292,-0.4272623333723332,False,True,29472.196000000004,29740.4675
2023-04-17 20:00:00,29430.0,29519.4,29483.18,29461.89,530.6832355,-0.41891892171056927,False,True,29489.942,29720.102499999997
2023-04-17 21:00:00,29403.62,29488.78,29461.89,29473.41,303.82756027,-0.395919054924636,False,True,29488.656,29695.484500000002
2023-04-17 22:00:00,29472.27,29556.08,29473.41,29524.0,354.3828096,-0.3529313321167223,False,True,29497.338,29669.909999999996
2023-04-17 23:00:00,29411.54,29534.38,29521.59,29449.91,201.19356084,-0.321010074918328,False,True,29478.471999999998,29642.216500000002
2023-04-18 00:00:00,29300.0,29476.15,29449.91,29379.91,311.80264713,-0.29573959160078417,False,True,29457.824,29611.117
2023-04-18 01:00:00,29103.89,29428.47,29378.15,29386.22,766.72120321,-0.2606057076472164,False,True,29442.690000000002,29579.301
2023-04-18 02:00:00,29386.38,29507.06,29386.38,29485.95,272.62452332,-0.2106100371155871,False,True,29445.197999999997,29557.0505
2023-04-18 03:00:00,29456.82,29525.83,29485.12,29465.06,207.85362007,-0.1678157515683376,False,True,29433.409999999996,29537.066500000004
2023-04-18 04:00:00,29455.0,29529.94,29465.16,29514.66,187.84762211,-0.10801903453542494,False,True,29446.359999999997,29516.107500000002
2023-04-18 05:00:00,29507.38,29615.73,29514.66,29561.21,255.56317605,-0.04168656273808009,False,True,29482.620000000003,29499.169
2023-04-18 06:00:00,29559.14,29754.22,29560.69,29730.67,388.45263486,0.0545744319413458,False,True,29551.51,29490.338
2023-04-18 07:00:00,29682.23,29817.64,29730.9,29787.02,293.83937741,0.12714491520814433,False,True,29611.724,29500.2155
2023-04-18 08:00:00,29706.53,29846.85,29785.3,29718.09,252.27013192,0.1746098193779747,False,True,29662.329999999998,29508.686999999998
2023-04-18 09:00:00,29711.1,29949.17,29718.09,29908.97,430.44113424,0.23404116664480518,False,True,29741.192,29533.254000000004
2023-04-18 10:00:00,29873.75,29985.4,29911.25,29912.84,410.8681715,0.28474921110421747,False,True,29811.518,29556.039500000003
2023-04-18 11:00:00,29893.95,30396.1,29910.66,30394.07,988.54264022,0.3975911332882959,False,True,29944.197999999997,29607.085
2023-04-18 12:00:00,30283.93,30500.0,30391.73,30317.43,1310.52218084,0.48465246013928387,False,True,30050.28,29648.964500000002
2023-04-18 13:00:00,30289.43,30445.92,30317.05,30389.92,798.49399368,0.5661881898668549,False,True,30184.646,29694.431
2023-04-18 14:00:00,30128.12,30404.17,30388.17,30260.8,809.75299454,0.6134925909146021,False,True,30255.012,29730.259
2023-04-18 15:00:00,30108.76,30300.0,30258.86,30194.55,627.11762002,0.6302136215516327,False,True,30311.354000000003,29765.829000000005
2023-04-18 16:00:00,30167.16,30278.29,30198.75,30234.99,560.17382189,0.638946022956552,False,True,30279.538,29804.484000000004
2023-04-18 17:00:00,30035.35,30271.39,30233.47,30046.98,624.7531447,0.6023218013071006,False,True,30225.447999999997,29833.1625
2023-04-18 18:00:00,29967.61,30282.39,30045.6,30159.51,921.59053683,0.5808774444021023,False,True,30179.365999999998,29864.938000000002
2023-04-18 19:00:00,30107.55,30247.87,30159.51,30224.17,483.06543442,0.5539057052342462,False,True,30172.04,29903.651
2023-04-18 20:00:00,30156.22,30463.84,30223.35,30426.34,549.30629784,0.5430320593843283,False,True,30218.397999999997,29955.972500000003
2023-04-18 21:00:00,30281.92,30451.17,30425.49,30378.06,479.99603444,0.5084389963355973,False,True,30247.012,30005.564499999997
2023-04-18 22:00:00,30298.21,30414.89,30378.06,30378.23,306.59793232,0.46964031542026363,False,True,30313.262,30050.1785
2023-04-18 23:00:00,30308.77,30426.4,30379.18,30393.4,411.3253009,0.41991193527658444,False,True,30360.04,30096.595499999996
2023-04-19 00:00:00,30290.53,30430.72,30394.5,30332.1,370.43317357,0.35305858224513276,False,True,30381.626,30137.467500000006
2023-04-19 01:00:00,30229.99,30360.1,30331.83,30246.69,346.88076202,0.26787581937732025,False,True,30345.696000000004,30171.741499999996
2023-04-19 02:00:00,30133.44,30270.82,30244.6,30211.24,588.32417569,0.18824643893535872,False,True,30312.332000000002,30195.77
2023-04-19 03:00:00,30190.0,30294.55,30211.23,30224.38,161.01244253,0.11518864628322682,False,True,30281.561999999998,30217.638
2023-04-19 04:00:00,30156.65,30252.78,30226.07,30214.25,216.32153433,0.03281991211087405,False,True,30245.732,30242.446000000004
2023-04-19 05:00:00,30184.89,30340.19,30213.24,30279.75,215.57131476,-0.022194333279405964,False,True,30235.262,30260.984999999997
2023-04-19 06:00:00,30017.29,30290.28,30279.69,30022.7,519.74493749,-0.1214701904549754,False,True,30190.464,30266.477999999996
2023-04-19 07:00:00,29993.0,30133.87,30022.71,30088.99,271.87985419,-0.15787002793588126,False,True,30166.014000000003,30251.224000000006
2023-04-19 08:00:00,29010.0,30090.0,30088.98,29190.04,3823.43372941,-0.3447331903871491,False,True,29959.146,30194.854499999998
2023-04-19 09:00:00,29055.72,29346.66,29190.17,29212.19,1316.48044531,-0.4918089606553949,False,True,29758.734000000004,30135.968
2023-04-19 10:00:00,29100.0,29287.19,29212.11,29266.22,796.67904512,-0.613217178703563,False,True,29556.028000000002,30086.239
2023-04-19 11:00:00,29244.65,29345.62,29266.16,29325.63,490.64747433,-0.7067286567078089,False,True,29416.614,30042.792999999998
2023-04-19 12:00:00,29185.4,29325.68,29323.78,29226.26,984.94888549,-0.7930277065631882,False,True,29244.068,29992.3565
2023-04-19 13:00:00,29181.47,29353.05,29226.26,29341.02,828.74062747,-0.8558227797274313,False,True,29274.264000000003,29957.058500000003
2023-04-19 14:00:00,29336.46,29526.98,29340.76,29413.33,978.97164635,-0.8802892384865056,False,True,29314.492,29919.749499999998
2023-04-19 15:00:00,29121.91,29450.49,29412.37,29289.02,1279.04314938,-0.9052703114052484,False,True,29319.052000000003,29872.992
2023-04-19 16:00:00,29259.57,29397.15,29289.36,29335.17,592.5271709,-0.8857151484835668,False,True,29320.96,29818.433499999996
2023-04-19 17:00:00,29109.15,29350.53,29335.2,29337.59,712.62044963,-0.8521176812780262,False,True,29343.226000000002,29766.410000000003
2023-04-19 18:00:00,29233.32,29376.55,29336.26,29296.85,680.69330458,-0.8093435689291829,False,True,29334.392,29712.340999999997
2023-04-19 19:00:00,29212.93,29368.55,29296.38,29237.74,907.67936282,-0.759479583306332,False,True,29299.273999999998,29654.558
2023-04-19 20:00:00,29163.38,29329.88,29235.44,29247.77,1068.20050408,-0.6977204097183808,False,True,29291.023999999998,29600.341500000002
2023-04-19 21:00:00,28814.0,29276.6,29247.64,29183.35,1159.02714254,-0.6413867531722653,False,True,29260.659999999996,29547.1745
2023-04-19 22:00:00,29046.17,29247.04,29183.35,29092.12,642.89052849,-0.591164356458963,False,True,29211.566000000003,29491.2185
2023-04-19 23:00:00,28595.28,29103.95,29089.79,28809.72,1999.12685524,-0.5743231264329492,False,True,29114.140000000003,29420.4855
2023-04-20 00:00:00,28730.0,28972.21,28809.71,28931.09,672.23472634,-0.5186862715605052,False,True,29052.810000000005,29356.327500000003
2023-04-20 01:00:00,28847.72,29009.33,28931.09,28946.24,651.35500229,-0.43865503714412657,False,True,28992.504000000004,29289.652000000002
2023-04-20 02:00:00,28729.83,28973.74,28946.24,28759.72,491.4350925,-0.3998138362282361,False,True,28907.778000000002,29226.503000000004
2023-04-20 03:00:00,28556.87,28897.7,28759.71,28878.61,545.37934033,-0.3188293800144255,False,True,28865.076,29165.983999999997
2023-04-20 04:00:00,28858.54,28972.33,28882.42,28882.89,374.92344839,-0.30921608976401455,False,True,28879.71,29150.626500000002
2023-04-20 05:00:00,28830.97,28960.45,28883.44,28909.31,257.4668133,-0.29489110022931064,False,True,28875.354000000003,29135.482500000002
2023-04-20 06:00:00,28907.48,29102.69,28909.86,28945.9,448.39831058,-0.27131711463569663,False,True,28875.286,29119.4665
2023-04-20 07:00:00,28856.8,28965.9,28941.1,28880.36,272.36878994,-0.25482253398895444,False,True,28899.414,29097.202999999998
2023-04-20 08:00:00,28750.74,28965.92,28878.62,28836.57,542.70432561,-0.2543528604340124,False,True,28891.006,29077.7185
2023-04-20 09:00:00,28827.93,28918.86,28836.57,28867.65,333.45352392,-0.23700296222221393,False,True,28887.958000000002,29054.05
2023-04-20 10:00:00,28784.96,28913.82,28867.65,28858.96,316.84788429,-0.21198057286862557,False,True,28877.888,29026.3315
2023-04-20 11:00:00,28600.0,28869.85,28858.92,28621.44,630.40477307,-0.23578949628534046,False,True,28812.995999999996,28992.952500000003
2023-04-20 12:00:00,28353.1,28956.83,28622.09,28896.37,1658.26770496,-0.20070579159098426,False,True,28816.197999999997,28971.012500000004
2023-04-20 13:00:00,28717.56,28906.65,28894.57,28825.67,930.55086114,-0.17434289949066342,False,True,28814.018,28945.4165
2023-04-20 14:00:00,28683.14,28883.64,28824.71,28721.91,575.97009077,-0.16474009553105284,False,True,28784.869999999995,28916.6695
2023-04-20 15:00:00,28450.0,28740.57,28724.9,28505.76,937.20489488,-0.19087065678549434,False,True,28714.23,28880.0705
2023-04-20 16:00:00,28249.31,28660.65,28505.82,28438.77,1668.54562432,-0.21678487485797548,False,True,28677.695999999996,28839.6205
2023-04-20 17:00:00,28348.48,28612.47,28443.37,28451.35,870.46770048,-0.2344745625735859,False,True,28588.692,28803.020500000002
2023-04-20 18:00:00,28267.54,28534.69,28454.11,28356.72,793.25162217,-0.26616209225096726,False,True,28494.902000000002,28766.250500000002
2023-04-20 19:00:00,27991.32,28361.27,28356.74,28099.28,1516.17393585,-0.3572674403082274,False,True,28370.376,28730.728500000005
2023-04-20 20:00:00,28015.11,28320.0,28096.49,28202.88,821.14934512,-0.4063389160833623,False,True,28309.8,28694.318
2023-04-20 21:00:00,28139.0,28290.83,28202.87,28233.86,696.97208346,-0.4353118100365895,False,True,28268.818,28658.699
2023-04-20 22:00:00,28179.49,28366.69,28234.79,28254.37,555.17589471,-0.46588252279821785,False,True,28229.422,28633.4315
2023-04-20 23:00:00,28189.32,28323.42,28254.37,28248.18,446.61031469,-0.4768965502173571,False,True,28207.714,28601.909999999996
2023-04-21 00:00:00,28071.08,28371.88,28248.18,28286.51,1483.36944775,-0.4705724568540895,False,True,28245.159999999996,28572.090999999997
2023-04-21 01:00:00,28190.01,28316.07,28286.51,28200.83,279.77167048,-0.46904535426756844,False,True,28244.75,28536.666999999998
2023-04-21 02:00:00,28137.59,28254.43,28198.97,28247.96,414.92106495,-0.4461985671181962,False,True,28247.57,28501.77
2023-04-21 03:00:00,28236.99,28338.04,28249.22,28321.31,227.66675469,-0.408104367344314,False,True,28260.958000000002,28473.817500000005
2023-04-21 04:00:00,28226.11,28348.83,28323.92,28239.21,184.41953986,-0.38222281170994543,False,True,28259.164,28443.9495
2023-04-21 05:00:00,28155.0,28259.36,28240.67,28157.58,531.25317765,-0.36028910878882664,False,True,28233.378000000004,28408.445999999996
2023-04-21 06:00:00,27815.0,28217.63,28155.12,27920.13,909.28530477,-0.3703216059162899,False,True,28177.238,28361.5045
2023-04-21 07:00:00,27834.73,28175.3,27916.48,28156.53,765.18489897,-0.34844894578219776,False,True,28158.952,28338.259
2023-04-21 08:00:00,28017.01,28238.87,28156.53,28067.92,429.956052,-0.3103826637927968,False,True,28108.273999999998,28296.836499999998
2023-04-21 09:00:00,27967.73,28117.4,28069.69,28059.48,278.3432597,-0.26904455353709833,False,True,28072.328,28258.527000000002
2023-04-21 10:00:00,27938.86,28150.78,28059.47,27999.33,314.7473748,-0.2378474162594582,False,True,28040.677999999996,28222.397999999997
2023-04-21 11:00:00,27910.76,28096.58,27998.65,28062.1,555.70693696,-0.20722738200373328,False,True,28069.071999999996,28200.214999999997
2023-04-21 12:00:00,27963.09,28227.9,28061.9,28215.89,669.39243348,-0.15255773139827436,False,True,28080.944,28189.070999999996
2023-04-21 13:00:00,28087.38,28305.34,28215.89,28109.21,580.45954571,-0.11534222665701416,False,True,28089.202,28171.964
2023-04-21 14:00:00,28020.05,28207.49,28107.5,28044.89,1924.65101326,-0.09608754424412115,False,True,28086.283999999996,28156.372499999998
2023-04-21 15:00:00,27972.41,28136.81,28044.88,28031.26,1025.83255553,-0.1025095036669717,False,True,28092.670000000002,28152.971499999996
2023-04-21 16:00:00,27935.19,28081.91,28031.23,28025.22,812.52311711,-0.10266438640664083,False,True,28085.294,28144.0885
2023-04-21 17:00:00,27752.07,28046.53,28027.62,27894.65,1303.18398437,-0.12245889947720977,False,True,28021.046000000002,28127.127999999997
2023-04-21 18:00:00,27700.0,27982.53,27895.13,27758.69,990.47451335,-0.16051554171363341,False,True,27950.942000000003,28102.344
2023-04-21 19:00:00,27173.36,27780.24,27756.07,27264.4,3028.60753444,-0.27769534600136364,False,True,27794.844,28053.155
2023-04-21 20:00:00,27169.13,27409.72,27264.85,27260.2,1329.7572356,-0.37450394736095893,False,True,27640.632,28001.839500000002
2023-04-21 21:00:00,27226.19,27373.98,27260.13,27277.91,529.64308522,-0.45853046081778187,False,True,27491.170000000002,27955.6935
2023-04-21 22:00:00,27133.0,27354.74,27277.91,27265.22,658.34376136,-0.5239520534270363,False,True,27365.284000000003,27906.5565
2023-04-21 23:00:00,27235.0,27338.17,27263.84,27253.85,438.49699844,-0.5672486188308784,False,True,27264.316000000003,27853.183499999996
2023-04-22 00:00:00,27204.33,27322.3,27252.96,27214.16,242.93812793,-0.6071313397054736,False,True,27254.268,27801.931
2023-04-22 01:00:00,27133.0,27302.54,27214.16,27284.98,388.60885303,-0.6255454908969756,False,True,27259.224,27758.301
2023-04-22 02:00:00,27223.48,27314.62,27284.98,27234.77,266.00756798,-0.6611976468619721,False,True,27250.595999999998,27724.033000000003
2023-04-22 03:00:00,27227.28,27366.98,27234.76,27320.07,247.69720898,-0.6489843874668537,False,True,27261.566,27682.21
2023-04-22 04:00:00,27297.04,27366.84,27320.07,27343.26,160.72999852,-0.6282801987739055,False,True,27279.447999999997,27645.976999999995
2023-04-22 05:00:00,27301.09,27400.0,27343.26,27400.0,133.51108984,-0.587632849908739,False,True,27316.615999999998,27613.002999999997
2023-04-22 06:00:00,27303.21,27400.99,27400.0,27350.6,146.53210144,-0.5517082143013939,False,True,27329.74,27580.566500000004
2023-04-22 07:00:00,27223.68,27356.12,27349.84,27278.93,250.25580469,-0.5132278899892962,False,True,27338.571999999996,27541.408000000003
2023-04-22 08:00:00,27184.54,27310.82,27277.67,27214.01,274.51259052,-0.4602683670403502,False,True,27317.359999999997,27491.313999999995
2023-04-22 09:00:00,27212.18,27272.48,27213.73,27239.57,194.53133056,-0.39872274552954795,False,True,27296.621999999996,27447.832000000002
2023-04-22 10:00:00,27180.99,27265.84,27239.57,27251.55,276.2268142,-0.3299212125676621,False,True,27266.931999999993,27408.165
2023-04-22 11:00:00,27238.07,27323.08,27250.7,27286.49,168.9520138,-0.24778281976503094,False,True,27254.109999999997,27370.9265
2023-04-22 12:00:00,27280.89,27359.71,27286.0,27336.21,184.18342582,-0.1508167556340465,False,True,27265.566000000003,27336.476000000002
2023-04-22 13:00:00,27234.6,27363.42,27336.21,27261.25,279.37721937,-0.07372894669978115,False,True,27275.014000000003,27304.806
2023-04-22 14:00:00,27244.41,27499.96,27259.64,27475.52,363.88579048,0.031553188391299516,False,True,27322.204000000005,27290.6475
2023-04-22 15:00:00,27387.9,27565.51,27477.64,27493.99,428.96170736,0.09012847933725461,False,True,27370.692,27302.127
2023-04-22 16:00:00,27486.44,27692.2,27495.67,27587.42,633.93144634,0.1530980133930916,False,True,27430.877999999997,27318.488
2023-04-22 17:00:00,27571.72,27789.21,27588.74,27669.39,546.83331282,0.21907469230449717,False,True,27497.514000000003,27338.061999999998
2023-04-22 18:00:00,27522.49,27681.17,27669.39,27600.83,260.05600819,0.2589658650845695,False,True,27565.43,27354.8425
2023-04-22 19:00:00,27584.84,27660.6,27600.83,27623.84,278.80840419,0.29101502359431236,False,True,27595.094,27373.342000000004
2023-04-22 20:00:00,27623.4,27705.0,27623.84,27637.91,300.45996907,0.3111169242037564,False,True,27623.877999999997,27394.529499999997
2023-04-22 21:00:00,27569.67,27674.01,27637.9,27674.01,178.76515589,0.3333541322661507,False,True,27641.195999999996,27413.981
2023-04-22 22:00:00,27654.32,27887.78,27674.01,27856.8,1067.12920071,0.3715872540612833,False,True,27678.677999999996,27445.0825
2023-04-22 23:00:00,27803.0,27886.31,27852.24,27821.41,283.96255791,0.39778653981599016,False,True,27722.794,27470.1495
2023-04-23 00:00:00,27435.0,27820.99,27820.99,27547.5,493.51006977,0.3684003625050094,False,True,27707.526,27480.3615
2023-04-23 01:00:00,27485.0,27668.41,27547.51,27559.8,327.96532816,0.34255016694287166,False,True,27691.904,27488.3515
2023-04-23 02:00:00,27493.91,27616.93,27559.79,27597.76,282.90077133,0.3158899447119178,False,True,27676.654,27500.709499999997
2023-04-23 03:00:00,27539.83,27652.01,27597.59,27566.94,219.88545091,0.2732684090169503,False,True,27618.682,27515.109999999997
2023-04-23 04:00:00,27554.04,27639.72,27566.49,27614.96,183.81478723,0.22954314742879064,False,True,27577.392,27535.1575
2023-04-23 05:00:00,27542.73,27632.93,27614.05,27594.0,211.98936435,0.1805147170914813,False,True,27586.692,27552.878999999997
2023-04-23 06:00:00,27570.85,27638.36,27594.01,27596.3,131.40564785,0.1301583540836499,False,True,27593.992,27570.116499999996
2023-04-23 07:00:00,27555.14,27759.81,27595.22,27726.63,273.28218369,0.10318858642828332,False,True,27619.765999999996,27592.123499999998
2023-04-23 08:00:00,27674.88,27776.67,27726.63,27716.16,148.9912605,0.07550056174408507,False,True,27649.609999999997,27611.121000000003
2023-04-23 09:00:00,27595.75,27733.86,27716.15,27638.28,138.4115213,0.02519028901569018,False,True,27654.273999999998,27629.972500000003
2023-04-23 10:00:00,27493.01,27657.1,27638.2,27536.06,168.54593928,-0.023387920172930468,False,True,27642.685999999998,27632.999499999998
2023-04-23 11:00:00,27518.45,27656.77,27534.18,27655.61,143.30679718,-0.04609617151989856,False,True,27654.548000000003,27641.0805
2023-04-23 12:00:00,27596.51,27743.17,27655.6,27614.91,198.9872025,-0.0666934022921403,False,True,27632.204000000005,27642.454999999998
2023-04-23 13:00:00,27584.84,27674.37,27613.31,27638.89,162.70893358,-0.07267502507424925,False,True,27616.75,27640.93
2023-04-23 14:00:00,27510.01,27688.96,27638.88,27563.33,237.90572709,-0.09522036167679515,False,True,27601.76,27639.055
2023-04-23 15:00:00,27333.2,27590.21,27562.02,27484.35,567.45518941,-0.12586023006670513,False,True,27591.417999999998,27632.080500000004
2023-04-23 16:00:00,27378.0,27690.68,27484.37,27590.44,390.2352079,-0.13230739251481285,False,True,27578.384000000002,27629.707000000002
2023-04-23 17:00:00,27484.08,27639.88,27590.82,27517.29,223.98933406,-0.1453304787329474,False,True,27558.859999999997,27621.871000000003
2023-04-23 18:00:00,27345.44,27549.12,27519.25,27460.13,475.65460095,-0.14586710736692168,False,True,27523.108,27602.0375
2023-04-23 19:00:00,27425.03,27538.21,27464.06,27474.37,279.48029001,-0.13883178525966203,False,True,27505.316,27584.6855
2023-04-23 20:00:00,27407.24,27550.7,27474.02,27507.94,253.71226646,-0.1451056791545943,False,True,27510.033999999996,27582.7075
2023-04-23 21:00:00,27478.2,27555.28,27507.94,27516.39,208.90877045,-0.14716334763736785,False,True,27495.224,27580.537
2023-04-23 22:00:00,27423.29,27642.8,27518.69,27594.64,275.28038869,-0.13099767949387423,False,True,27510.694,27580.381
2023-04-23 23:00:00,27544.28,27650.0,27594.0,27592.98,257.4407506,-0.11821933252482296,False,True,27537.263999999996,27581.683
2023-04-24 00:00:00,27428.92,27868.85,27592.7,27809.45,495.86113112,-0.06531083312745245,False,True,27604.28,27591.4075
2023-04-24 01:00:00,27690.93,28000.0,27809.02,27762.93,722.00325294,-0.028208834063638527,False,True,27655.278,27599.854000000003
2023-04-24 02:00:00,27673.14,27831.01,27762.89,27745.16,346.20940806,0.0012860773256555857,False,True,27701.032,27607.297
2023-04-24 03:00:00,27676.31,27796.49,27744.71,27791.17,166.11693213,0.04708622781717618,False,True,27740.338,27610.523999999998
2023-04-24 04:00:00,27691.42,27796.11,27791.17,27707.53,160.2820462,0.07460979512702247,False,True,27763.248,27610.092500000006
2023-04-24 05:00:00,27640.0,27764.17,27705.59,27659.25,151.20954596,0.08469157557579035,False,True,27733.208000000002,27611.141000000003
2023-04-24 06:00:00,27467.87,27710.32,27658.78,27546.85,253.01499767,0.06386977426195366,False,True,27689.992,27611.6805
2023-04-24 07:00:00,27346.27,27544.05,27544.05,27452.08,1322.34594713,0.03776154633691288,False,True,27631.376,27601.503999999997
2023-04-24 08:00:00,27158.67,27519.33,27450.7,27180.78,874.78261835,-0.03517934775010768,False,True,27509.298,27579.797499999997
2023-04-24 09:00:00,27164.58,27370.25,27175.33,27311.07,369.88836582,-0.07448773425301426,False,True,27430.006,27563.4065
2023-04-24 10:00:00,27305.07,27436.36,27312.11,27421.76,239.72508763,-0.0957433087326447,False,True,27382.508,27556.327999999998
2023-04-24 11:00:00,27375.96,27555.2,27421.8,27553.52,530.36934049,-0.09973460208440178,False,True,27383.841999999997,27559.7865
2023-04-24 12:00:00,27422.93,27580.88,27553.49,27444.2,373.41150903,-0.11387767356011418,False,True,27382.265999999996,27552.4745
2023-04-24 13:00:00,27386.9,27715.91,27444.85,27632.32,681.85466812,-0.1006953955676113,False,True,27472.574,27558.226000000002
2023-04-24 14:00:00,27277.83,27707.03,27632.31,27432.64,672.71607336,-0.1296118027689372,False,True,27496.888,27556.8515
2023-04-24 15:00:00,27217.73,27434.67,27432.62,27267.74,670.84791246,-0.1836153134353872,False,True,27466.083999999995,27546.52
2023-04-24 16:00:00,27045.17,27400.0,27268.36,27112.48,929.64124432,-0.256087407450792,False,True,27377.876,27526.747000000003
2023-04-24 17:00:00,26965.14,27415.21,27112.47,27381.82,849.45093401,-0.273470190401086,False,True,27365.4,27520.0185
2023-04-24 18:00:00,27284.5,27581.83,27382.55,27339.17,527.50461772,-0.2883603393643932,False,True,27306.77,27507.245000000003
2023-04-24 19:00:00,27318.33,27425.55,27342.45,27383.51,423.99389541,-0.2909079691188927,False,True,27296.944,27496.771500000003
2023-04-24 20:00:00,27328.49,27485.19,27382.83,27462.39,420.47772485,-0.25520032787644775,False,True,27335.874,27479.4185
2023-04-24 21:00:00,27320.0,27512.4,27462.1,27416.86,648.81678094,-0.22602950574572578,False,True,27396.75,27462.115
2023-04-24 22:00:00,27379.69,27517.55,27414.48,27462.98,182.59165062,-0.1854183446883838,False,True,27412.981999999996,27448.006
2023-04-24 23:00:00,27444.98,27563.32,27462.97,27515.05,245.47524612,-0.12753555536323435,False,True,27448.158000000003,27434.2
2023-04-25 00:00:00,27432.71,27595.69,27513.85,27463.76,204.5542604,-0.0829542621542438,False,True,27464.207999999995,27422.0115
2023-04-25 01:00:00,27370.01,27522.24,27462.82,27402.9,218.57970571,-0.05051913853383114,False,True,27452.309999999998,27409.194
2023-04-25 02:00:00,27327.82,27436.73,27403.93,27406.94,196.19392327,-0.025197564300959718,False,True,27450.326,27402.1985
2023-04-25 03:00:00,27320.18,27437.42,27406.97,27347.68,217.93113044,-0.018471706781609906,False,True,27427.265999999996,27396.978500000005
2023-04-25 04:00:00,27331.29,27448.43,27347.69,27414.39,151.24871848,-0.025730389128378335,False,True,27407.134,27408.658999999996
2023-04-25 05:00:00,27322.36,27462.99,27414.23,27415.2,113.30315545,-0.025761167626879675,False,True,27397.422,27413.865499999996
2023-04-25 06:00:00,27347.28,27452.59,27415.32,27359.98,107.16902526,-0.027588166903002604,False,True,27388.838,27410.7765
2023-04-25 07:00:00,27243.72,27410.73,27362.94,27269.66,311.03213908,-0.03233782341635053,False,True,27361.382,27396.5835
2023-04-25 08:00:00,27194.51,27443.87,27270.26,27427.06,370.11062028,-0.016470960669668428,False,True,27377.258,27395.7265
2023-04-25 09:00:00,27281.36,27443.02,27427.17,27324.73,209.89701288,-0.0009718793114066967,False,True,27359.326,27380.346999999998
2023-04-25 10:00:00,27288.44,27353.38,27326.9,27334.11,234.50814952,0.0010741038057734435,False,True,27343.108,27375.4205
2023-04-25 11:00:00,27311.7,27435.0,27333.41,27390.04,312.17870329,-0.0033014862810502627,False,True,27349.120000000003,27381.535499999998
2023-04-25 12:00:00,27355.28,27474.35,27390.04,27391.9,249.93939813,-0.026227603230784734,True,False,27373.568,27395.5065
2023-04-25 13:00:00,27318.66,27469.65,27391.91,27344.87,561.95540859,-0.03767199071892771,True,False,27357.129999999997,27393.659000000003
2023-04-25 14:00:00,27209.58,27393.64,27343.71,27289.14,937.05364001,-0.06276882824628265,False,True,27350.012,27391.1575
2023-04-25 15:00:00,27265.49,27433.85,27290.75,27342.2,630.26445116,-0.07423983788939924,False,True,27351.630000000005,27389.091999999997
2023-04-25 16:00:00,27310.47,27420.0,27340.61,27392.89,447.84041591,-0.06855511410990749,False,True,27352.2,27385.617
2023-04-25 17:00:00,27317.93,27658.83,27392.89,27627.53,1197.83422123,-0.02565789001251558,False,True,27399.326,27396.1505
2023-04-25 18:00:00,27557.66,27789.94,27622.86,27581.07,974.09819108,0.00913733614828229,False,True,27446.566,27402.055
2023-04-25 19:00:00,27479.93,27664.46,27577.19,27612.29,569.07455178,0.052185888424671444,False,True,27511.195999999996,27406.916999999998
2023-04-25 20:00:00,27614.0,28054.87,27614.0,27978.62,1508.06536825,0.15062935192014798,False,True,27638.48,27432.659999999996
2023-04-25 21:00:00,27978.62,28315.89,27978.62,28270.49,1279.46874996,0.28211194938614564,False,True,27814.0,27476.039500000003
2023-04-25 22:00:00,28207.67,28400.0,28267.94,28240.38,643.29531753,0.3907377427127786,False,True,27936.57,27517.711499999998
2023-04-25 23:00:00,28161.74,28372.16,28240.91,28304.42,367.98365282,0.48754232694726946,False,True,28081.239999999998,27565.548499999997
2023-04-26 00:00:00,28268.01,28490.2,28304.42,28308.12,1513.76803378,0.5717385633784298,False,True,28220.406,27610.234999999997
2023-04-26 01:00:00,28255.58,28396.45,28308.11,28392.85,429.96576155,0.6524520309342783,False,True,28303.252,27659.117500000004
2023-04-26 02:00:00,28352.54,28414.7,28394.62,28396.29,246.1875175,0.7096524546379112,False,True,28328.412,27710.932999999997
2023-04-26 03:00:00,28312.72,28464.93,28395.93,28318.19,329.67656685,0.7260087599554249,False,True,28343.974,27763.359500000002
2023-04-26 04:00:00,28301.58,28381.82,28317.97,28332.41,211.71959939,0.7423376033165177,False,True,28349.571999999996,27808.626999999997
2023-04-26 05:00:00,28332.03,28426.76,28332.41,28400.56,161.30637616,0.7463033455969661,False,True,28368.059999999998,27862.4185
2023-04-26 06:00:00,28348.2,28582.18,28400.55,28399.44,647.66123408,0.7338864298599351,False,True,28369.377999999997,27915.684999999998
2023-04-26 07:00:00,28315.71,28415.4,28401.2,28379.32,234.74016097,0.7069535797863784,False,True,28365.983999999997,27965.148999999998
2023-04-26 08:00:00,28373.26,28784.84,28380.23,28735.01,1424.29155132,0.7254479993798606,False,True,28449.347999999998,28032.3045
2023-04-26 09:00:00,28690.48,28946.69,28735.53,28878.0,1064.57760951,0.7416578244630959,False,True,28558.465999999997,28108.961
2023-04-26 10:00:00,28787.06,29111.48,28882.82,29008.92,1206.52837801,0.7500832020934011,False,True,28680.138,28194.95
2023-04-26 11:00:00,28910.66,29146.12,29010.34,28960.91,727.65314945,0.7277923477840025,False,True,28792.431999999993,28275.885499999997
2023-04-26 12:00:00,28962.07,30050.66,28963.66,29970.15,3145.59302676,0.8571971597052811,False,True,29110.597999999998,28404.748499999998
2023-04-26 13:00:00,29659.37,30036.58,29970.15,29856.18,1916.42490758,0.9458195270012812,False,True,29334.832000000002,28516.180999999993
2023-04-26 14:00:00,29522.75,29891.36,29854.41,29703.49,1159.79878562,0.9682497277235722,False,True,29499.93,28622.302000000003
2023-04-26 15:00:00,29681.38,29860.44,29705.64,29817.68,1259.66525256,0.9815355550309082,False,True,29661.682,28732.5715
2023-04-26 16:00:00,29707.4,29903.39,29817.2,29807.66,1248.78696253,0.9965019305710462,False,True,29831.032,28824.0235
2023-04-26 17:00:00,29658.37,29851.11,29809.65,29719.69,666.08008242,1.0,False,True,29780.940000000002,28896.483499999995
2023-04-26 18:00:00,29701.59,29809.76,29724.91,29734.99,611.01604832,0.9860266380258736,False,True,29756.702,28971.213999999996
2023-04-26 19:00:00,27700.83,29739.76,29739.72,27894.99,5026.8271972,0.6437405212744581,False,True,29395.002,28950.742500000004
2023-04-26 20:00:00,27230.77,28434.83,27894.82,28434.83,5265.75301341,0.4177596633853044,False,True,29118.432,28957.078
2023-04-26 21:00:00,28104.19,28706.37,28428.98,28689.78,1439.05412394,0.2549054228409035,False,True,28894.856,28971.9245
2023-04-26 22:00:00,28183.3,28750.0,28685.04,28311.26,1146.33622641,0.03407650207661574,False,True,28613.170000000002,28967.673000000003
2023-04-26 23:00:00,28268.76,28471.67,28311.26,28426.08,552.97993931,-0.16016931897146033,False,True,28351.388,28973.067499999997
2023-04-27 00:00:00,28387.07,29483.37,28428.86,29235.11,2815.40624246,-0.20653622316706033,False,True,28619.412,29018.202500000003
2023-04-27 01:00:00,28549.09,29349.11,29234.69,28750.43,1623.75121808,-0.3376977021159704,False,True,28682.532,29035.696000000004
2023-04-27 02:00:00,28749.96,29113.67,28750.43,29038.31,715.73519182,-0.4163288213556012,False,True,28752.238,29067.6395
2023-04-27 03:00:00,28836.68,29058.01,29036.1,28897.48,593.44568794,-0.5239014946853541,False,True,28869.482,29093.547499999997
2023-04-27 04:00:00,28874.88,29164.74,28897.49,29106.79,487.00917214,-0.5617158227677826,False,True,29005.624,29112.1365
2023-04-27 05:00:00,29055.1,29285.57,29103.18,29091.98,559.35667781,-0.5877450644475997,False,True,28976.998,29122.835499999997
2023-04-27 06:00:00,28643.36,29108.11,29091.99,28809.83,938.19494238,-0.646907607887508,False,True,28988.878000000004,29112.881000000005
2023-04-27 07:00:00,28697.14,28965.95,28808.42,28901.46,603.00075223,-0.6849706137530815,False,True,28961.508,29109.9085
2023-04-27 08:00:00,28785.0,29107.78,28900.78,28965.39,467.24491416,-0.6084101933914096,False,True,28975.089999999997,29059.6705
2023-04-27 09:00:00,28875.27,29042.68,28965.38,28946.55,339.86996669,-0.524835311231158,False,True,28943.041999999998,29014.188999999995
2023-04-27 10:00:00,28900.0,29051.8,28945.85,29007.77,342.52661557,-0.42763431601344964,False,True,28926.2,28979.403
2023-04-27 11:00:00,28892.48,29154.86,29006.27,28947.82,655.94578211,-0.31835101204450034,False,True,28953.798,28935.910000000003
2023-04-27 12:00:00,28670.0,29072.01,28943.26,28871.89,1097.22079123,-0.2090398666366564,False,True,28947.884,28889.121499999997
2023-04-27 13:00:00,28861.47,28972.03,28874.83,28943.69,947.86996989,-0.0806785125046957,False,True,28943.544,28850.321500000002
2023-04-27 14:00:00,28941.11,29105.34,28944.09,28987.58,725.69249604,0.0674395995600358,False,True,28951.75,28812.951
2023-04-27 15:00:00,28829.39,29573.35,28988.85,29156.38,2148.2351701,0.07582563226798535,False,True,28981.472,28876.020499999995
2023-04-27 16:00:00,29018.85,29224.2,29158.79,29140.17,473.10316426,0.10632356074053317,False,True,29019.942,28911.2875
2023-04-27 17:00:00,29097.26,29444.4,29140.17,29304.81,791.38073742,0.17227923787937888,False,True,29106.526,28942.038999999997
2023-04-27 18:00:00,29233.92,29900.0,29304.27,29779.1,2079.34380047,0.26657170428421056,False,True,29273.607999999997,29015.431
2023-04-27 19:00:00,29458.91,29870.0,29779.11,29694.17,2615.88630478,0.3250820049272463,False,True,29414.926,29078.835499999997
2023-04-27 20:00:00,29478.84,29767.55,29693.71,29635.8,1308.32360218,0.4246446071424781,False,True,29510.809999999998,29098.870000000003
2023-04-27 21:00:00,29542.9,29794.64,29632.35,29657.72,690.72623037,0.4694505562204843,False,True,29614.32,29144.2345
2023-04-27 22:00:00,29271.35,29680.2,29657.73,29399.74,863.23968742,0.4771965030434213,False,True,29633.306,29162.306
2023-04-27 23:00:00,29386.88,29510.78,29402.37,29483.72,427.85448023,0.4755911686857041,False,True,29574.23,29191.618
2023-04-28 00:00:00,29361.42,29573.72,29486.97,29565.45,576.00434133,0.49482204699393456,False,True,29548.485999999997,29214.551
2023-04-28 01:00:00,29409.92,29606.45,29566.64,29523.91,567.94087172,0.49517417304628064,False,True,29526.108,29236.147500000003
2023-04-28 02:00:00,29381.52,29559.12,29526.86,29407.39,390.02345771,0.43938545557573705,False,True,29476.041999999998,29266.025499999996
2023-04-28 03:00:00,29337.92,29448.91,29405.31,29433.73,261.88158896,0.38615717146357736,False,True,29482.840000000004,29292.639000000003
2023-04-28 04:00:00,29417.11,29549.75,29433.72,29504.24,355.02734112,0.3447071969605331,False,True,29486.944,29319.5815
2023-04-28 05:00:00,29463.97,29580.95,29502.64,29491.68,191.31242168,0.29448200689696175,False,True,29472.190000000002,29346.838
2023-04-28 06:00:00,29406.02,29535.51,29489.24,29477.92,239.62758164,0.24338437315699726,False,True,29462.992,29370.345500000003
2023-04-28 07:00:00,29445.94,29541.33,29479.81,29505.58,365.18160796,0.18910284779320452,False,True,29482.630000000005,29398.233499999995
2023-04-28 08:00:00,29153.24,29511.12,29505.37,29259.64,638.52810053,0.08251909231331431,False,True,29447.811999999998,29417.621000000003
2023-04-28 09:00:00,29147.0,29308.57,29259.71,29214.32,305.51598616,-0.023023224044373587,False,True,29389.828,29431.152500000004
2023-04-28 10:00:00,29183.66,29365.26,29214.31,29274.71,248.08263173,-0.10931070754345401,False,True,29346.433999999997,29445.509000000002
2023-04-28 11:00:00,29213.93,29342.06,29274.72,29247.77,415.71812939,-0.181486737866771,False,True,29300.404,29450.078500000003
2023-04-28 12:00:00,29201.24,29481.83,29251.49,29243.36,565.11784327,-0.25515381095991424,False,True,29247.96,29455.238
2023-04-28 13:00:00,28900.0,29372.22,29243.38,29044.23,1280.19596257,-0.3449516061272308,False,True,29204.878000000004,29442.209000000003
2023-04-28 14:00:00,29015.06,29326.55,29041.69,29111.32,2174.44358115,-0.3687878163546104,False,True,29184.278,29408.819999999996
2023-04-28 15:00:00,28963.19,29194.76,29108.88,29158.78,781.34571694,-0.3787282070233277,False,True,29161.091999999997,29382.0505
2023-04-28 16:00:00,29114.86,29316.34,29158.79,29288.5,577.63611739,-0.3591590436684239,False,True,29169.238,29364.6855
2023-04-28 17:00:00,29157.32,29304.77,29288.01,29256.36,507.80170346,-0.33410112891724264,False,True,29171.838,29344.6175
2023-04-28 18:00:00,29130.0,29275.81,29254.83,29261.62,596.02128644,-0.3243236035928613,False,True,29215.316,29337.711499999998
2023-04-28 19:00:00,29262.41,29458.63,29263.91,29338.34,1250.15762428,-0.29033461825799045,False,True,29260.719999999994,29330.442500000005
2023-04-28 20:00:00,29312.11,29426.53,29338.38,29359.45,742.40847175,-0.2419769332948985,False,True,29300.854,29320.142499999998
2023-04-28 21:00:00,29320.24,29394.97,29361.86,29355.81,549.72094119,-0.19421442055759072,False,True,29314.316,29311.7375
2023-04-28 22:00:00,29345.29,29457.89,29355.81,29367.89,303.9171818,-0.1534956683602698,False,True,29336.622000000003,29309.7625
2023-04-28 23:00:00,29293.16,29421.33,29368.74,29338.63,300.42889819,-0.11637139883988917,False,True,29352.023999999998,29305.007499999996
2023-04-29 00:00:00,29217.65,29386.16,29339.47,29288.44,236.81798245,-0.08091810291762878,False,True,29342.044,29294.2175
2023-04-29 01:00:00,29240.98,29331.28,29288.44,29296.8,236.60622456,-0.04316304146461928,False,True,29329.514000000003,29284.4735
2023-04-29 02:00:00,29293.38,29425.18,29296.8,29402.95,287.36313996,0.012488119223389254,False,True,29338.942000000003,29280.725
2023-04-29 03:00:00,29363.16,29424.27,29402.99,29369.27,253.93193665,0.06340062389882697,False,True,29339.218,29273.9095
2023-04-29 04:00:00,29363.01,29470.0,29369.65,29397.65,156.63325089,0.09426968847466849,False,True,29351.022000000004,29280.810000000005
2023-04-29 05:00:00,29373.53,29456.27,29397.51,29380.49,140.331664,0.11121511675299554,False,True,29369.432,29289.1185
2023-04-29 06:00:00,29301.07,29405.29,29380.42,29351.32,225.09717336,0.1223699231874957,False,True,29380.336,29292.949
2023-04-29 07:00:00,29315.8,29395.97,29348.69,29365.46,128.68966151,0.12933393402639407,False,True,29372.838,29298.833499999997
2023-04-29 08:00:00,29293.94,29385.36,29368.81,29335.8,108.99428202,0.1259321812907143,False,True,29366.144,29303.4555
2023-04-29 09:00:00,29270.12,29345.08,29336.55,29324.05,121.08796272,0.09759621610796629,False,True,29351.424,29317.446500000002
2023-04-29 10:00:00,29259.22,29334.67,29323.8,29288.6,136.96485351,0.0645345444713284,False,True,29333.045999999995,29326.310500000003
2023-04-29 11:00:00,29257.43,29360.06,29287.99,29352.39,229.09683187,0.044488317757837736,True,False,29333.26,29335.991
2023-04-29 12:00:00,29299.66,29363.32,29352.38,29303.61,212.91792783,0.02578611242441638,False,True,29320.890000000003,29336.7465
2023-04-29 13:00:00,29297.87,29416.3,29302.12,29404.69,187.59894973,0.021964881111216156,True,False,29334.667999999998,29344.163
2023-04-29 14:00:00,29342.61,29418.02,29401.94,29355.86,163.09733355,0.008063827388986335,True,False,29341.03,29348.875
2023-04-29 15:00:00,29240.45,29366.67,29355.85,29289.69,188.77602203,-0.010883759394625315,True,False,29341.248,29346.442499999997
2023-04-29 16:00:00,29265.49,29330.04,29288.9,29305.28,202.63430837,-0.0231101143032229,False,True,29331.826,29343.734000000004
2023-04-29 17:00:00,29057.3,29308.35,29304.85,29179.2,486.25888208,-0.05513980468850356,False,True,29306.944,29334.903499999997
2023-04-29 18:00:00,29144.47,29243.81,29179.2,29200.03,180.81476807,-0.07778351257877615,False,True,29266.012,29326.510500000004
2023-04-29 19:00:00,29187.94,29333.51,29202.55,29259.04,173.86253076,-0.08932261574834265,False,True,29246.647999999997,29322.531
2023-04-29 20:00:00,29218.81,29292.94,29259.04,29239.78,132.55391996,-0.10649875589703109,False,True,29236.665999999997,29320.097999999998
2023-04-29 21:00:00,29187.82,29279.6,29238.41,29251.29,151.25343661,-0.11868940352590494,False,True,29225.868,29317.822500000002
2023-04-29 22:00:00,29185.87,29258.98,29251.36,29219.38,381.13582349,-0.12392225349931431,False,True,29233.904,29308.644
2023-04-29 23:00:00,29156.01,29261.67,29218.22,29249.35,187.20831208,-0.12255475585151077,False,True,29243.768,29302.647999999997
2023-04-30 00:00:00,29135.86,29250.99,29249.24,29158.96,110.34120598,-0.1308374188813009,False,True,29223.752,29290.713499999994
2023-04-30 01:00:00,29095.92,29190.32,29156.12,29116.31,265.90054801,-0.143430957886379,False,True,29199.058,29277.5045
2023-04-30 02:00:00,29105.92,29208.76,29116.3,29196.93,148.13307937,-0.1400003195736425,False,True,29188.185999999998,29269.784999999996
2023-04-30 03:00:00,29159.03,29215.15,29196.93,29197.94,99.44974379,-0.13236217271831788,False,True,29183.897999999997,29261.409000000003
2023-04-30 04:00:00,29185.17,29238.45,29197.94,29228.1,73.13404126,-0.11954220617753424,False,True,29179.647999999997,29256.023999999998
2023-04-30 05:00:00,29221.98,29284.46,29228.09,29276.48,115.9289954,-0.0985622415092833,False,True,29203.152000000002,29253.645499999995
2023-04-30 06:00:00,29252.39,29302.87,29277.42,29293.16,100.07142953,-0.0787546980435293,False,True,29238.521999999997,29253.873499999998
2023-04-30 07:00:00,29280.0,29314.46,29293.16,29283.13,69.83639973,-0.05626784889633082,False,True,29255.762,29250.410499999998
2023-04-30 08:00:00,29256.79,29365.13,29283.13,29289.84,117.8592594,-0.037576376854135035,False,True,29274.142,29249.721999999998
2023-04-30 09:00:00,29235.47,29295.59,29287.56,29273.05,85.93909304,-0.012972945131714661,False,True,29283.132,29243.140000000003
2023-04-30 10:00:00,29201.77,29335.09,29275.25,29241.19,97.09037384,0.0022269221563039673,False,True,29276.074,29237.4065
2023-04-30 11:00:00,29178.69,29272.48,29242.69,29216.74,78.60339582,0.007849132373507517,False,True,29260.789999999997,29233.759
2023-04-30 12:00:00,29200.95,29270.0,29215.91,29256.23,81.81186059,0.022140505150272497,False,True,29255.409999999996,29231.306499999995
2023-04-30 13:00:00,29252.35,29346.15,29256.79,29316.63,131.56584797,0.034370648147217686,False,True,29260.768,29238.177999999996
2023-04-30 14:00:00,29264.4,29452.23,29316.49,29413.96,237.67180582,0.06156289133147776,False,True,29288.95,29248.874499999998
2023-04-30 15:00:00,29415.23,29969.99,29415.23,29670.67,1554.99499797,0.1320528069305786,False,True,29374.846,29269.456
2023-04-30 16:00:00,29637.24,29882.23,29673.46,29725.61,461.78861589,0.1999714301343977,False,True,29476.620000000003,29293.747500000005
2023-04-30 17:00:00,29655.0,29842.32,29727.25,29659.58,325.64975058,0.2463866251586815,False,True,29557.29,29314.162
2023-04-30 18:00:00,29526.98,29689.11,29658.22,29596.03,261.45297239,0.27015189012742286,False,True,29613.170000000002,29332.9945
2023-04-30 19:00:00,29238.7,29613.77,29592.92,29383.67,803.28431343,0.25296951658617234,False,True,29607.112,29339.710499999997
2023-04-30 20:00:00,29171.1,29383.65,29383.65,29354.57,509.09589483,0.22048606845519927,False,True,29543.892,29349.491
2023-04-30 21:00:00,29332.28,29506.94,29353.41,29430.36,384.38605394,0.19422058658640207,False,True,29484.841999999997,29365.1935
2023-04-30 22:00:00,29372.68,29451.74,29433.54,29389.59,355.35540374,0.16412023448998936,False,True,29430.844,29374.826500000003
2023-04-30 23:00:00,29186.97,29437.51,29390.12,29247.14,367.72323139,0.10747126393679182,False,True,29361.066000000003,29377.2865
2023-05-01 00:00:00,29222.22,29348.6,29240.49,29327.39,397.76707286,0.06868098103593168,False,True,29349.809999999998,29382.251
2023-05-01 01:00:00,28379.01,29330.26,29327.87,28520.23,1972.62698223,-0.10429117836497676,False,True,29182.942,29344.4385
2023-05-01 02:00:00,28427.96,28696.32,28520.21,28569.06,1099.60646751,-0.24898655837605235,False,True,29010.682,29308.233500000002
2023-05-01 03:00:00,28444.93,28610.82,28568.51,28573.97,387.55724483,-0.376300545375594,False,True,28847.558,29272.7755
2023-05-01 04:00:00,28491.26,28598.55,28573.56,28567.89,959.66417952,-0.4871035845820034,False,True,28711.708000000002,29236.678000000004
2023-05-01 05:00:00,28271.44,28648.93,28567.87,28497.78,691.05555244,-0.595002532001366,False,True,28545.786,29197.914499999995
2023-05-01 06:00:00,28458.85,28610.51,28494.16,28604.85,206.87743535,-0.6699975647105316,False,True,28562.71,29166.097500000003
2023-05-01 07:00:00,28586.66,28725.08,28600.33,28640.55,370.90151783,-0.7273368340898295,False,True,28577.008,29137.288
2023-05-01 08:00:00,28551.41,28644.34,28640.56,28578.07,361.8227983,-0.7791538835151675,False,True,28577.828,29103.380000000005
2023-05-01 09:00:00,28501.32,28688.82,28578.07,28532.15,227.59059552,-0.819365083519535,False,True,28570.68,29064.156
2023-05-01 10:00:00,28491.28,28573.75,28531.61,28562.04,233.83399527,-0.8298095346933687,False,True,28583.532,29021.559999999998
2023-05-01 11:00:00,28512.49,28596.99,28560.47,28531.25,232.3277558,-0.8044812353125422,False,True,28568.811999999998,28964.589
2023-05-01 12:00:00,28456.61,28619.59,28531.15,28605.83,395.89136155,-0.741019281208014,False,True,28561.868,28908.6
2023-05-01 13:00:00,28438.39,28640.65,28605.82,28463.25,573.5446011,-0.6902262573748664,False,True,28538.904000000002,28848.7835
2023-05-01 14:00:00,28322.83,28586.65,28462.23,28477.49,1058.03177444,-0.6244006910784488,False,True,28527.971999999998,28792.8565
2023-05-01 15:00:00,28073.76,28494.39,28477.79,28179.14,1817.63971618,-0.6137949239265862,False,True,28451.392000000003,28732.630000000005
2023-05-01 16:00:00,28008.88,28394.71,28179.2,28363.27,1012.83067563,-0.5565447745463423,False,True,28417.796000000002,28683.064999999995
2023-05-01 17:00:00,28160.81,28415.85,28363.27,28278.37,577.3205815,-0.49400189555312113,False,True,28352.304000000004,28625.4655
2023-05-01 18:00:00,28082.37,28297.35,28275.25,28168.27,908.1213941,-0.4393236134055136,False,True,28293.308,28564.3995
2023-05-01 19:00:00,27800.0,28189.04,28170.4,27833.06,1928.3832955,-0.44008536720931335,False,True,28164.422,28493.6955
2023-05-01 20:00:00,27664.31,27952.25,27831.53,27677.7,1151.05288923,-0.44015734537882195,False,True,28064.134000000002,28411.211
2023-05-01 21:00:00,27669.52,28083.51,27677.96,27995.77,609.54942855,-0.43985593525024813,False,True,27990.634,28384.988
2023-05-01 22:00:00,27945.81,28162.68,27995.77,28029.48,421.44911593,-0.4270498007333043,False,True,27940.856,28358.009
2023-05-01 23:00:00,28012.91,28154.64,28029.08,28077.27,357.67026925,-0.40333075178967126,False,True,27922.656,28333.174
2023-05-02 00:00:00,27970.88,28153.11,28077.44,28057.08,413.96036089,-0.38209576142733487,False,True,27967.46,28307.633499999996
2023-05-02 01:00:00,27919.3,28089.6,28057.03,27947.01,578.35492487,-0.38436470509242665,False,True,28021.322000000004,28280.095
2023-05-02 02:00:00,27926.46,28040.0,27948.64,28011.34,416.20620133,-0.36196791679135853,False,True,28024.435999999998,28250.4195
2023-05-02 03:00:00,27930.68,28051.84,28011.33,28045.5,359.34050126,-0.32640726325679537,False,True,28027.640000000003,28220.667000000005
2023-05-02 04:00:00,27919.25,28053.29,28043.64,27935.11,196.22247006,-0.3121580938709487,False,True,27999.208000000002,28188.519
2023-05-02 05:00:00,27871.44,28020.87,27935.39,28000.97,288.35901408,-0.285721761807691,False,True,27987.985999999997,28161.960000000003
2023-05-02 06:00:00,27964.9,28041.25,28000.96,27998.08,167.57526541,-0.25343960555091877,False,True,27998.2,28133.762
2023-05-02 07:00:00,27990.6,28172.61,28000.12,28060.7,289.50892602,-0.2080819944948462,False,True,28008.072000000004,28110.234500000002
2023-05-02 08:00:00,28012.2,28137.83,28060.7,28034.43,182.81570403,-0.15566234711274382,False,True,28005.858,28081.664499999995
2023-05-02 09:00:00,27940.99,28072.95,28034.21,27981.44,343.62431479,-0.11925637503944773,False,True,28015.124,28057.574
2023-05-02 10:00:00,27967.37,28053.92,27981.42,28018.81,195.90829721,-0.06962476741710143,False,True,28018.692,28034.639999999996
2023-05-02 11:00:00,28015.13,28104.35,28018.81,28087.14,264.07637683,-0.03221604097918557,False,True,28036.504000000004,28030.039999999997
2023-05-02 12:00:00,28005.72,28242.91,28086.52,28109.75,559.85022202,0.024392190221979648,False,True,28046.314000000002,28017.364
2023-05-02 13:00:00,27930.46,28148.51,28109.75,28011.34,472.42174057,0.057333669206008325,False,True,28041.696000000004,28004.0125
2023-05-02 14:00:00,27910.0,28644.94,28011.34,28380.45,2463.30161566,0.14415625442734017,False,True,28121.498,28014.6215
2023-05-02 15:00:00,28269.7,28778.56,28377.57,28546.14,1693.42433692,0.2194094407541631,False,True,28226.964,28050.2755
2023-05-02 16:00:00,28451.47,28628.75,28544.44,28480.89,575.92762441,0.25297582856977396,False,True,28305.714,28090.435000000005
2023-05-02 17:00:00,28439.3,28615.15,28479.92,28596.24,581.43815835,0.3205438324238431,False,True,28403.012,28120.4585
2023-05-02 18:00:00,28550.83,28801.75,28600.19,28744.55,743.42129215,0.40206451758003103,False,True,28549.654000000002,28156.212
2023-05-02 19:00:00,28670.89,28899.99,28744.57,28708.6,1035.13403393,0.4652923467174054,False,True,28615.283999999996,28187.778499999997
2023-05-02 20:00:00,28640.1,28811.22,28708.58,28695.08,376.06365482,0.5100964230830936,False,True,28645.071999999996,28219.6785
2023-05-02 21:00:00,28632.26,28713.89,28694.29,28684.71,240.97259926,0.5292757434206442,False,True,28685.836,28256.5635
2023-05-02 22:00:00,28669.04,28839.32,28683.11,28754.29,466.5297962,0.5520796535415726,False,True,28717.446000000004,28293.711
2023-05-02 23:00:00,28632.15,28790.41,28754.68,28684.4,354.16762587,0.5527470172554175,False,True,28705.416000000005,28325.656
2023-05-03 00:00:00,28500.0,28707.12,28683.41,28511.8,451.48113067,0.5026412069885077,False,True,28666.056,28354.490499999996
2023-05-03 01:00:00,28500.0,28606.05,28514.85,28551.78,254.63470134,0.4577550411540656,False,True,28637.395999999997,28382.031
2023-05-03 02:00:00,28348.74,28561.32,28551.78,28526.47,379.46920722,0.401318576294397,False,True,28605.748,28408.4505
2023-05-03 03:00:00,28454.46,28553.77,28526.44,28532.91,170.74392113,0.34646833918678765,False,True,28561.471999999998,28432.060999999998
2023-05-03 04:00:00,28444.95,28539.7,28532.82,28534.17,201.66411061,0.28543220545409237,False,True,28531.426,28457.048000000003
2023-05-03 05:00:00,28465.79,28544.63,28533.03,28487.36,186.30116165,0.20740416245386922,False,True,28526.538,28482.344
2023-05-03 06:00:00,28444.26,28690.24,28487.34,28611.26,355.52153927,0.15042944549378956,False,True,28538.433999999997,28511.966500000002
2023-05-03 07:00:00,28594.63,28691.37,28615.27,28668.53,196.05901077,0.10438915894293743,False,True,28566.845999999998,28541.036
2023-05-03 08:00:00,28602.07,28782.02,28666.51,28698.97,374.44514356,0.06049765484098656,False,True,28600.057999999997,28570.497000000003
2023-05-03 09:00:00,28612.2,28712.64,28700.11,28671.43,160.33221077,-0.002277923253292773,False,True,28627.51,28603.501500000002
2023-05-03 10:00:00,28566.05,28691.73,28670.23,28582.02,212.3102636,-0.05010769869743577,False,True,28646.442,28613.579999999998
2023-05-03 11:00:00,28532.64,28655.23,28580.63,28551.59,232.23987274,-0.08503950037544061,False,True,28634.508,28613.852499999997
2023-05-03 12:00:00,28239.7,28585.79,28552.22,28316.03,801.80672061,-0.1626990681405933,False,True,28564.008,28605.6095
2023-05-03 13:00:00,28122.0,28407.84,28315.75,28388.74,992.20615799,-0.20879215664608697,False,True,28501.962,28595.2345
2023-05-03 14:00:00,28122.0,28396.95,28389.11,28227.07,688.31840816,-0.25967101761808503,False,True,28413.090000000004,28569.360500000003
2023-05-03 15:00:00,28157.12,28358.1,28225.26,28317.74,396.47446737,-0.28431448361859635,False,True,28360.234000000004,28549.817500000005
2023-05-03 16:00:00,28254.17,28499.37,28317.27,28489.75,491.88633052,-0.27019011232056855,False,True,28347.866,28539.551
2023-05-03 17:00:00,28420.45,28794.84,28489.52,28580.37,1362.69528685,-0.23649141535874002,False,True,28400.734000000004,28534.334000000003
2023-05-03 18:00:00,28240.0,28817.03,28580.0,28452.74,2640.48948131,-0.21562057547856783,False,True,28413.534000000003,28519.2565
2023-05-03 19:00:00,28214.77,28520.05,28452.74,28330.69,1212.20725545,-0.21600184982660703,False,True,28434.258,28501.570999999996
2023-05-03 20:00:00,28284.64,28586.68,28327.38,28531.15,795.99615202,-0.1917918448731712,False,True,28476.940000000002,28502.538500000002
2023-05-03 21:00:00,28529.0,29075.3,28531.15,28935.0,1604.96436746,-0.09649517802849918,False,True,28565.99,28521.6995
2023-05-03 22:00:00,28934.93,29276.12,28936.68,29114.15,1036.8089781,0.017075997194272035,False,True,28672.746000000003,28551.0835
2023-05-03 23:00:00,28946.71,29141.71,29113.99,29038.75,389.77874816,0.10496060790056132,False,True,28789.948000000004,28576.375500000002
2023-05-04 00:00:00,28961.4,29118.05,29039.36,29055.19,369.45203962,0.18415538660257325,False,True,28934.847999999998,28602.426499999994
2023-05-04 01:00:00,28983.28,29093.42,29055.19,29085.4,319.92385867,0.2520407163944659,False,True,29045.697999999997,28632.328499999996
2023-05-04 02:00:00,29000.4,29203.76,29085.26,29066.4,404.48480324,0.31499576724352313,False,True,29071.978000000003,28655.085499999997
2023-05-04 03:00:00,29027.85,29115.84,29072.59,29111.73,264.88208592,0.380549134579893,False,True,29071.494,28677.2455
2023-05-04 04:00:00,29071.34,29136.96,29109.53,29111.4,328.87497621,0.4386588521779736,False,True,29086.023999999998,28697.867
2023-05-04 05:00:00,29065.09,29232.99,29111.89,29215.15,378.67853854,0.5014468633755003,False,True,29118.016000000003,28725.053000000004
2023-05-04 06:00:00,29102.22,29249.53,29215.15,29176.54,253.73298133,0.5370795085523244,False,True,29136.244,28754.779
2023-05-04 07:00:00,29047.15,29192.52,29176.5,29074.34,194.56197805,0.5408873951061608,False,True,29137.832000000002,28780.916500000003
2023-05-04 08:00:00,28987.62,29120.89,29075.28,29100.76,168.07971272,0.5172742554541547,False,True,29135.638,28820.153000000002
2023-05-04 09:00:00,29045.65,29124.2,29098.01,29102.17,126.50811664,0.4873795604031025,False,True,29133.791999999998,28855.8245
2023-05-04 10:00:00,29072.5,29383.5,29101.7,29254.76,425.41713851,0.4565336577308172,False,True,29141.714,28907.208999999995
2023-05-04 11:00:00,29120.0,29277.02,29254.89,29169.78,258.51402804,0.40384363694636083,False,True,29140.362,28949.810999999998
2023-05-04 12:00:00,28995.95,29254.75,29169.01,29070.56,840.90846876,0.33874195928848316,False,True,29139.606,28978.851499999997
2023-05-04 13:00:00,28674.58,29105.94,29071.69,28772.31,1154.59565936,0.22519262563972026,False,True,29073.916000000005,28988.4485
2023-05-04 14:00:00,28744.13,28947.72,28772.31,28792.26,1055.62612723,0.10542441631812287,False,True,29011.934,29005.4245
2023-05-04 15:00:00,28781.78,28955.01,28790.88,28878.78,576.13704601,-0.011258930586687534,False,True,28936.738,29032.829000000005
2023-05-04 16:00:00,28819.77,28986.36,28877.46,28938.04,479.79186216,-0.10236214545845099,False,True,28890.389999999996,29053.173499999997
2023-05-04 17:00:00,28804.49,28976.45,28938.09,28852.23,539.78720489,-0.1705840380304124,False,True,28846.724,29049.034999999996
2023-05-04 18:00:00,28684.43,28872.42,28852.23,28815.51,611.19171994,-0.22039767149375378,False,True,28855.364,29034.102999999996
2023-05-04 19:00:00,28736.21,28917.68,28816.22,28908.98,416.75605426,-0.25103965286003305,False,True,28878.708000000002,29027.614500000003
2023-05-04 20:00:00,28826.34,28939.42,28910.81,28886.85,377.61444963,-0.2772898162115204,False,True,28880.321999999996,29019.197500000002
2023-05-04 21:00:00,28802.42,28916.93,28886.92,28852.92,320.80132047,-0.2996661955410496,False,True,28863.298,29007.5735
2023-05-04 22:00:00,28759.6,28867.69,28852.91,28791.4,289.64834667,-0.3263442848846157,False,True,28851.132,28993.8235
2023-05-04 23:00:00,28787.01,28876.83,28791.32,28857.23,251.19215802,-0.3287412825522272,False,True,28859.476000000002,28981.0985
2023-05-05 00:00:00,28836.48,28980.3,28857.88,28957.35,340.13217251,-0.30634523076151854,False,True,28869.15,28973.396
2023-05-05 01:00:00,28892.07,29370.83,28957.62,29344.87,992.41354851,-0.20314447619407944,False,True,28960.753999999997,28979.882
2023-05-05 02:00:00,29212.33,29555.0,29339.65,29262.95,817.90632983,-0.12043907145965255,False,True,29042.76,28984.202500000003
2023-05-05 03:00:00,29155.35,29315.25,29264.39,29212.76,299.8517244,-0.05779697464088429,False,True,29127.032,28991.123499999998
2023-05-05 04:00:00,29192.27,29298.02,29210.5,29242.54,473.02273139,0.009323439741760435,False,True,29204.094,28998.2125
2023-05-05 05:00:00,29172.44,29271.04,29242.54,29216.22,245.75948697,0.06794264736340648,False,True,29255.868,29003.915
2023-05-05 06:00:00,29143.91,29253.75,29214.98,29182.37,195.81343049,0.1316011105157095,False,True,29223.368,29000.2955
2023-05-05 07:00:00,29053.45,29259.01,29182.39,29087.65,477.60746333,0.16924089013366686,False,True,29188.308,28996.189000000002
2023-05-05 08:00:00,29052.93,29139.83,29083.9,29074.91,151.21675493,0.19437131747345965,False,True,29160.738,28996.4065
2023-05-05 09:00:00,29038.83,29157.89,29075.43,29118.45,174.76501461,0.19636796113287483,False,True,29135.920000000002,29013.7135
2023-05-05 10:00:00,29079.21,29147.28,29118.46,29122.29,176.14950762,0.19280944171791695,False,True,29117.134,29030.214999999997
2023-05-05 11:00:00,29084.49,29208.38,29122.32,29163.63,205.23005152,0.1957892526081935,False,True,29113.386,29044.457499999997
2023-05-05 12:00:00,28810.0,29292.62,29164.52,28967.46,1341.76612404,0.16231001103368947,False,True,29089.347999999998,29045.9285
2023-05-05 13:00:00,28908.96,29260.26,28968.55,29191.34,725.03815328,0.15722560382521208,False,True,29112.634000000002,29062.884000000002
2023-05-05 14:00:00,29127.51,29460.34,29189.9,29277.65,1477.17838118,0.15644183105619064,False,True,29144.474,29085.991
2023-05-05 15:00:00,29180.0,29400.0,29278.91,29384.14,772.96495584,0.17429474563494288,False,True,29196.844,29109.749
2023-05-05 16:00:00,29378.99,29706.57,29383.93,29611.52,2155.4004753,0.21947839878210756,False,True,29286.422,29145.982500000002
2023-05-05 17:00:00,29486.56,29699.99,29616.95,29493.26,899.3562485,0.2271386364573237,False,True,29391.582000000002,29177.999499999998
2023-05-05 18:00:00,29340.71,29583.17,29491.87,29429.71,872.40027953,0.20689243595372203,False,True,29439.256,29209.915
2023-05-05 19:00:00,29401.34,29594.56,29426.66,29589.48,619.59569189,0.21014972038586263,False,True,29501.621999999996,29246.527500000004
2023-05-05 20:00:00,29476.54,29620.13,29584.7,29520.63,474.75580767,0.19959883672859155,False,True,29528.920000000002,29274.691499999997
2023-05-05 21:00:00,29479.87,29580.52,29519.73,29516.04,257.91051346,0.21825428488142673,False,True,29509.824,29283.25
2023-05-05 22:00:00,29496.3,29680.5,29516.08,29620.3,294.00242069,0.24657177892324808,False,True,29535.232,29301.1175
2023-05-05 23:00:00,29507.47,29631.97,29621.83,29536.76,250.88884961,0.25144891460176316,False,True,29556.642,29317.317499999997
2023-05-06 00:00:00,29511.34,29850.0,29538.87,29705.71,902.20654063,0.2840719067459684,False,True,29579.888,29340.475999999995
2023-05-06 01:00:00,29531.04,29731.78,29699.1,29574.6,406.71885026,0.28519507157266294,False,True,29590.682,29358.395
2023-05-06 02:00:00,29472.01,29582.35,29574.6,29493.81,223.82970163,0.2661114661455315,False,True,29586.235999999997,29373.966999999997
2023-05-06 03:00:00,29363.65,29503.58,29495.93,29389.35,317.63277993,0.2183515424217778,False,True,29540.046000000002,29389.051999999996
2023-05-06 04:00:00,29352.08,29446.05,29389.21,29380.66,167.01986417,0.16665199334440764,False,True,29508.826,29404.339500000002
2023-05-06 05:00:00,29363.51,29422.77,29379.33,29378.78,105.65784222,0.11702683018771524,False,True,29443.440000000002,29417.356
2023-05-06 06:00:00,29293.34,29424.85,29381.05,29418.26,215.77707482,0.07291848665749237,False,True,29412.172,29432.154500000004
2023-05-06 07:00:00,29392.38,29466.76,29417.11,29397.38,80.18409584,0.026955904195109348,False,True,29392.886,29443.842000000004
2023-05-06 08:00:00,29166.26,29405.92,29394.21,29367.29,467.45053705,-0.04353685864526348,False,True,29388.474,29463.833499999997
2023-05-06 09:00:00,29313.79,29393.22,29367.84,29315.52,91.08581639,-0.10474893078118999,False,True,29375.446000000004,29470.0425
2023-05-06 10:00:00,29236.48,29357.34,29316.4,29276.12,155.25964156,-0.16307565172600602,False,True,29354.914,29469.965999999997
2023-05-06 11:00:00,29246.62,29312.23,29277.25,29302.78,119.1081749,-0.20314505327689236,False,True,29331.818,29465.897999999997
2023-05-06 12:00:00,29051.99,29306.19,29300.36,29140.27,656.02027099,-0.2445366391247575,False,True,29280.396,29442.335499999997
2023-05-06 13:00:00,28900.17,29140.26,29136.46,28979.96,571.62285602,-0.31341467260940153,False,True,29202.93,29416.6705
2023-05-06 14:00:00,28577.83,28979.95,28979.95,28652.12,897.47585195,-0.4329847673804557,False,True,29070.25,29377.790999999997
2023-05-06 15:00:00,28394.0,28684.51,28651.1,28627.75,538.95137308,-0.5242887778801112,False,True,28940.576,29329.7045
2023-05-06 16:00:00,28586.61,28770.21,28625.31,28753.81,478.6094361,-0.581085959916025,False,True,28830.782,29291.3635
2023-05-06 17:00:00,28722.62,28902.5,28756.36,28828.4,310.82357255,-0.6097223472256438,False,True,28768.408000000003,29256.981499999994
2023-05-06 18:00:00,28812.31,29019.62,28829.43,28963.55,314.37046103,-0.5910003751217914,False,True,28765.126,29224.144
2023-05-06 19:00:00,28892.57,29022.44,28963.54,28897.58,235.01846949,-0.5796875288330883,False,True,28814.218,29192.184999999998
2023-05-06 20:00:00,28832.19,28924.03,28893.63,28846.61,239.41567681,-0.5492487883989144,False,True,28857.99,29149.230000000003
2023-05-06 21:00:00,28700.0,28883.32,28846.71,28859.71,285.80075908,-0.5145813692402116,False,True,28879.170000000002,29113.4855
2023-05-06 22:00:00,28808.5,28919.74,28858.43,28890.43,244.26669432,-0.4714571674698029,False,True,28891.576,29083.316499999997
2023-05-06 23:00:00,28855.62,28940.8,28888.97,28902.66,522.49240772,-0.42824984781068626,False,True,28879.397999999997,29058.982
2023-05-07 00:00:00,28843.08,29013.58,28901.3,28998.46,312.26152279,-0.3645508833249426,False,True,28899.574,29039.871999999996
2023-05-07 01:00:00,28868.24,29189.71,28996.99,28946.07,420.84747822,-0.30818334056588004,False,True,28919.465999999997,29018.2365
2023-05-07 02:00:00,28847.26,29005.12,28943.74,28862.93,254.68843401,-0.25932105843311154,False,True,28920.109999999997,28990.469999999994
2023-05-07 03:00:00,28795.42,28896.3,28862.92,28852.99,232.17370423,-0.20886214309398451,False,True,28912.621999999996,28963.250500000002
2023-05-07 04:00:00,28835.29,28906.67,28856.06,28891.81,126.81581762,-0.15022047190634902,False,True,28910.452,28939.4765
2023-05-07 05:00:00,28865.98,28960.34,28892.78,28934.39,111.37106637,-0.08673456998781945,False,True,28897.638,28920.420000000002
2023-05-07 06:00:00,28910.0,28983.37,28933.92,28954.4,115.19766832,-0.022517259390518882,False,True,28899.303999999996,28904.334000000003
2023-05-07 07:00:00,28933.8,28999.35,28949.84,28946.85,84.59410199,0.042850828435611076,False,True,28916.088,28886.5375
2023-05-07 08:00:00,28884.09,29002.78,28949.02,28898.97,129.5760575,0.08568168576407423,False,True,28925.283999999996,28874.472499999996
2023-05-07 09:00:00,28794.2,28929.08,28898.33,28857.53,138.23223786,0.10577339199231088,False,True,28918.428000000004,28868.351000000002
2023-05-07 10:00:00,28829.28,28907.4,28855.14,28889.15,84.88598391,0.09748982853369642,False,True,28909.379999999997,28880.202500000003
2023-05-07 11:00:00,28742.27,28960.9,28891.34,28882.35,243.67329634,0.07736354000040058,True,False,28894.97,28892.932500000003
2023-05-07 12:00:00,28878.86,28985.67,28882.29,28957.28,116.33547219,0.07459335837142159,True,False,28897.056,28903.106
2023-05-07 13:00:00,28926.72,29033.95,28960.47,28960.06,183.21143664,0.07301393884927843,True,False,28909.273999999998,28909.688999999995
2023-05-07 14:00:00,28920.01,29139.22,28958.62,29087.35,266.62931728,0.10177465270044853,False,True,28955.238,28915.878999999997
2023-05-07 15:00:00,28934.13,29091.21,29087.03,28981.97,207.49438929,0.10192362314811027,False,True,28973.802000000003,28920.098500000004
2023-05-07 16:00:00,28841.73,29016.43,28981.59,28990.54,331.55485079,0.09653812242069713,False,True,28995.440000000002,28927.294999999995
2023-05-07 17:00:00,28912.22,29069.73,28990.16,28940.43,183.10310395,0.08092456759241172,False,True,28992.07,28931.331
2023-05-07 18:00:00,28888.6,28998.6,28940.43,28893.69,158.79158717,0.058859110153304424,False,True,28978.796000000002,28931.494
2023-05-07 19:00:00,28811.16,28971.97,28892.33,28947.11,310.72798951,0.047402651080720414,False,True,28950.748,28933.716500000002
2023-05-07 20:00:00,28918.73,28992.6,28945.63,28951.21,157.97550087,0.04537729025362876,False,True,28944.595999999998,28931.354000000003
2023-05-07 21:00:00,28784.21,28998.19,28948.87,28809.98,260.27350051,0.015503024383241021,False,True,28908.484000000004,28924.5495
2023-05-07 22:00:00,28754.61,28896.09,28811.75,28776.42,306.17393077,-0.024482462141200673,False,True,28875.682,28920.224000000006
2023-05-07 23:00:00,28429.12,28832.66,28779.81,28474.53,1148.0816261,-0.11411648928989732,False,True,28791.85,28901.300999999996
2023-05-08 00:00:00,28400.0,28676.38,28472.68,28611.38,801.02371049,-0.16693550716940891,False,True,28724.704000000005,28887.279499999997
2023-05-08 01:00:00,28100.0,28629.59,28611.33,28267.27,1265.17063424,-0.26723210034059025,False,True,28587.915999999997,28853.923499999997
2023-05-08 02:00:00,28169.89,28345.66,28267.21,28325.84,618.11605494,-0.33981856902584723,False,True,28491.088,28822.495499999997
2023-05-08 03:00:00,28059.0,28322.3,28322.3,28235.05,783.44136046,-0.4140506286472954,False,True,28382.814000000002,28786.9055
2023-05-08 04:00:00,28148.75,28269.74,28230.48,28156.34,299.8459655,-0.49036198949789134,False,True,28319.176,28749.773999999998
2023-05-08 05:00:00,28111.6,28301.63,28157.79,28296.3,212.72885431,-0.531005597429338,False,True,28256.159999999996,28721.7125
2023-05-08 06:00:00,28171.44,28300.0,28296.3,28212.13,250.74642892,-0.5723073626951248,False,True,28245.132,28687.8615
2023-05-08 07:00:00,27861.17,28232.81,28209.66,28011.84,641.70852065,-0.636965544352271,False,True,28182.332000000002,28644.336
2023-05-08 08:00:00,27605.23,28030.69,28011.08,27738.35,882.75538428,-0.7257888105672513,False,True,28082.992,28583.389499999997
2023-05-08 09:00:00,27716.59,27997.89,27738.39,27957.25,506.0099366,-0.754524869285018,False,True,28043.174,28533.249
2023-05-08 10:00:00,27900.53,27989.34,27955.56,27970.79,249.03900589,-0.7509743841202703,False,True,27978.071999999996,28477.421000000002
2023-05-08 11:00:00,27900.02,28005.29,27970.67,27965.23,256.06559317,-0.7397074192833716,False,True,27928.692,28426.583999999995
2023-05-08 12:00:00,27770.22,27975.5,27965.23,27793.07,730.88498216,-0.7412570595360087,False,True,27884.938000000002,28366.710500000005
2023-05-08 13:00:00,27733.24,28003.97,27793.41,27880.98,802.53909289,-0.7139154147760717,False,True,27913.464,28313.738
2023-05-08 14:00:00,27700.0,28000.0,27881.01,27992.42,957.16288579,-0.656612396077435,False,True,27920.498,28268.6745
2023-05-08 15:00:00,27873.25,28107.42,27996.0,27909.65,639.21453018,-0.5970855180277739,False,True,27908.27,28216.801499999994
2023-05-08 16:00:00,27854.97,27956.38,27909.37,27893.37,393.56222317,-0.5260211176112707,False,True,27893.897999999997,28163.909499999998
2023-05-08 17:00:00,27555.0,27929.93,27893.69,27555.0,719.51411102,-0.5126835729057087,False,True,27846.283999999996,28101.160499999998
2023-05-08 18:00:00,27327.0,27630.0,27553.0,27489.94,2343.04180542,-0.4958798285624837,False,True,27768.076,28036.836499999998
2023-05-08 19:00:00,27298.22,27517.12,27492.91,27355.03,912.14009248,-0.5134578878038822,False,True,27640.597999999998,27980.861500000006
2023-05-08 20:00:00,27279.66,27574.44,27360.36,27554.09,551.12896233,-0.46924947541937234,False,True,27569.485999999997,27927.997000000003
2023-05-08 21:00:00,27438.11,27677.67,27554.65,27566.71,426.17207488,-0.44367590461581846,False,True,27504.154000000002,27892.969
2023-05-08 22:00:00,27547.18,27686.7,27566.72,27673.43,307.95635908,-0.38841475760000155,False,True,27527.840000000004,27860.348500000004
2023-05-08 23:00:00,27607.62,27733.91,27673.43,27695.06,309.44982707,-0.33367538551074133,False,True,27568.864,27833.349
2023-05-09 00:00:00,27562.87,27696.65,27693.24,27596.06,242.06185816,-0.3009390650803046,False,True,27617.07,27805.335000000003
2023-05-09 01:00:00,27578.82,27768.37,27596.06,27718.63,426.81505006,-0.23079574496947242,False,True,27649.978000000003,27776.451500000003
2023-05-09 02:00:00,27582.0,27718.69,27718.62,27661.18,210.22803452,-0.17564708643844082,False,True,27668.872000000003,27748.904
2023-05-09 03:00:00,27568.91,27668.29,27662.66,27647.34,237.81234117,-0.13913214675915514,False,True,27663.654000000002,27730.679000000004
2023-05-09 04:00:00,27588.0,27662.85,27647.08,27631.58,223.68603786,-0.1314805136805865,False,True,27650.958000000002,27725.340500000002
2023-05-09 05:00:00,27540.15,27636.41,27631.58,27567.51,274.85937527,-0.11729747978145294,False,True,27645.248,27705.853500000005
2023-05-09 06:00:00,27455.01,27603.2,27562.23,27559.01,342.07767925,-0.10087945354847307,False,True,27613.324,27685.2645
2023-05-09 07:00:00,27517.12,27686.67,27559.01,27680.61,289.562539,-0.06107180508508325,False,True,27617.21,27671.0335
2023-05-09 08:00:00,27566.01,27683.88,27683.42,27581.95,205.47530099,-0.0539985661670189,False,True,27604.132,27660.477499999997
2023-05-09 09:00:00,27549.37,27615.59,27581.95,27596.78,194.15932305,-0.03529496191300621,False,True,27597.172,27646.267499999998
2023-05-09 10:00:00,27567.0,27669.91,27596.99,27599.35,207.16750076,-0.0035677639672555194,False,True,27603.539999999997,27626.614
2023-05-09 11:00:00,27531.56,27741.73,27599.37,27691.84,266.6900851,0.04018950438515797,False,True,27630.106,27615.7235
2023-05-09 12:00:00,27654.77,27832.78,27691.88,27776.78,457.81564497,0.09796888361389726,False,True,27649.340000000004,27609.894
2023-05-09 13:00:00,27572.93,27833.64,27773.89,27635.05,570.23292445,0.09838150680687525,False,True,27659.96,27613.896500000003
2023-05-09 14:00:00,27423.34,27644.83,27635.27,27568.82,686.23110784,0.07827494687121803,False,True,27654.368,27617.8405
