time,open,high,low,close,volume
2023-04-09 04:00:00,28035.37,28066.1,28047.61,28059.97,132.45804282
2023-04-09 05:00:00,28011.22,28091.95,28059.97,28022.66,155.86132867
2023-04-09 06:00:00,27864.96,28023.63,28023.62,27898.96,391.31105008
2023-04-09 07:00:00,27860.94,27940.77,27899.72,27927.18,234.94382761
2023-04-09 08:00:00,27814.0,27944.29,27927.17,27902.31,254.88678003
2023-04-09 09:00:00,27900.0,27954.97,27902.3,27917.6,167.07930417
2023-04-09 10:00:00,27875.73,27936.25,27916.73,27913.9,94.67447424
2023-04-09 11:00:00,27884.79,27954.97,27911.68,27951.94,88.62942579
2023-04-09 12:00:00,27936.01,27999.0,27951.83,27952.3,136.38938952
2023-04-09 13:00:00,27900.98,27952.55,27952.29,27928.94,116.48915085
2023-04-09 14:00:00,27819.01,27953.35,27928.94,27886.9,222.78535786
2023-04-09 15:00:00,27852.3,27938.15,27887.15,27909.74,181.73167323
2023-04-09 16:00:00,27905.49,27963.8,27908.37,27918.82,148.30412253
2023-04-09 17:00:00,27892.76,27946.5,27918.82,27921.47,120.99005684
2023-04-09 18:00:00,27921.43,28073.9,27921.47,28043.74,214.60522707
2023-04-09 19:00:00,28015.68,28277.0,28043.73,28164.52,696.15815183
2023-04-09 20:00:00,28107.67,28181.51,28164.53,28137.0,180.2036631
2023-04-09 21:00:00,28131.59,28492.15,28137.0,28462.29,625.48642123
2023-04-09 22:00:00,28370.49,28547.67,28462.28,28391.11,643.08122491
2023-04-09 23:00:00,28310.99,28450.0,28389.35,28340.99,413.55750194
2023-04-10 00:00:00,28303.93,28452.54,28342.28,28399.86,289.18916361
2023-04-10 01:00:00,28258.88,28403.6,28399.39,28320.39,207.37151989
2023-04-10 02:00:00,28286.6,28370.61,28320.39,28312.51,190.7341301
2023-04-10 03:00:00,28285.87,28342.48,28314.55,28293.94,126.21024806
2023-04-10 04:00:00,28230.0,28334.7,28293.94,28255.96,155.70931327
2023-04-10 05:00:00,28213.07,28332.47,28257.2,28300.36,197.49928466
2023-04-10 06:00:00,28271.8,28315.04,28300.3,28295.21,109.52385235
2023-04-10 07:00:00,28253.24,28324.02,28293.7,28307.58,160.83493658
2023-04-10 08:00:00,28304.8,28400.97,28307.55,28311.65,262.24902678
2023-04-10 09:00:00,28291.91,28371.22,28311.5,28334.94,133.98523422
2023-04-10 10:00:00,28309.06,28381.26,28334.06,28351.23,189.962286
2023-04-10 11:00:00,28299.99,28385.19,28350.88,28323.41,253.46485776
2023-04-10 12:00:00,28264.49,28334.66,28323.41,28288.82,360.4503326
2023-04-10 13:00:00,28162.49,28313.62,28287.78,28222.76,582.45293306
2023-04-10 14:00:00,28203.65,28361.89,28222.34,28323.31,438.36667798
2023-04-10 15:00:00,28323.68,28595.33,28324.36,28459.05,1483.16674059
2023-04-10 16:00:00,28399.43,29181.99,28459.05,29065.11,2362.84790634
2023-04-10 17:00:00,29021.84,29311.02,29065.09,29185.3,2041.81425182
2023-04-10 18:00:00,29134.18,29318.21,29185.29,29296.89,1117.47714053
2023-04-10 19:00:00,29067.8,29318.24,29296.89,29197.1,962.72332992
2023-04-10 20:00:00,29092.0,29241.92,29194.03,29148.61,886.81306381
2023-04-10 21:00:00,29117.67,29308.88,29145.67,29252.04,627.71337108
2023-04-10 22:00:00,29247.31,29789.0,29252.07,29614.26,1413.55265131
2023-04-10 23:00:00,29610.01,29794.47,29615.15,29660.41,1198.1919355
2023-04-11 00:00:00,29612.3,30000.0,29657.7,29954.58,1326.22815381
2023-04-11 01:00:00,29778.69,30344.0,29950.97,30205.76,1685.9577579
2023-04-11 02:00:00,30014.04,30457.4,30214.88,30100.09,1713.28561712
2023-04-11 03:00:00,29950.0,30150.0,30097.86,30143.15,1032.10972092
2023-04-11 04:00:00,30051.12,30200.0,30140.84,30135.41,351.92669002
2023-04-11 05:00:00,29817.51,30177.5,30131.74,29912.34,589.36001077
2023-04-11 06:00:00,29903.26,30114.24,29914.48,30062.24,263.96645982
2023-04-11 07:00:00,30053.9,30186.0,30058.52,30129.75,293.54444454
2023-04-11 08:00:00,30066.54,30176.31,30132.23,30122.87,208.83351464
2023-04-11 09:00:00,30002.41,30122.87,30119.78,30080.74,573.30227839
2023-04-11 10:00:00,30029.47,30172.21,30080.75,30145.99,415.89698793
2023-04-11 11:00:00,30074.19,30150.0,30145.68,30079.15,390.12670403
2023-04-11 12:00:00,30032.2,30232.43,30077.93,30123.39,707.87670697
2023-04-11 13:00:00,30098.64,30285.07,30123.4,30271.87,783.95814641
2023-04-11 14:00:00,29995.99,30308.01,30274.17,30087.36,865.29094725
2023-04-11 15:00:00,30063.93,30279.5,30087.0,30226.82,591.69573254
2023-04-11 16:00:00,30130.87,30303.8,30223.65,30154.55,708.20785962
2023-04-11 17:00:00,30061.0,30247.79,30154.51,30233.69,736.35236595
2023-04-11 18:00:00,30175.26,30273.33,30233.69,30262.3,729.00682254
2023-04-11 19:00:00,30136.05,30584.58,30261.37,30162.41,1830.10524793
2023-04-11 20:00:00,29957.76,30214.31,30162.4,30191.76,1497.71098483
2023-04-11 21:00:00,30151.69,30285.16,30192.65,30221.37,591.84328004
2023-04-11 22:00:00,30175.46,30303.46,30221.37,30294.68,432.51677687
2023-04-11 23:00:00,30181.11,30306.41,30293.23,30227.19,318.11836728
2023-04-12 00:00:00,30224.84,30387.17,30227.18,30260.46,809.87890651
2023-04-12 01:00:00,30151.75,30322.36,30260.46,30199.7,386.39146778
2023-04-12 02:00:00,29859.94,30203.44,30199.7,29951.52,1105.51218894
2023-04-12 03:00:00,29886.11,30029.58,29952.88,29956.17,423.84784439
2023-04-12 04:00:00,29918.25,30032.97,29956.16,30014.05,233.20157949
2023-04-12 05:00:00,29925.12,30037.72,30014.03,29953.43,272.44419465
2023-04-12 06:00:00,29879.5,29989.69,29955.19,29962.99,291.04627763
2023-04-12 07:00:00,29942.62,30098.21,29960.86,30011.97,274.20510633
2023-04-12 08:00:00,29933.85,30079.92,30012.24,29938.18,197.99994795
2023-04-12 09:00:00,29909.14,30036.72,29938.15,30032.84,278.71460288
2023-04-12 10:00:00,30004.45,30055.96,30031.39,30021.9,231.10051363
2023-04-12 11:00:00,29968.88,30046.61,30021.99,30043.23,288.84816188
2023-04-12 12:00:00,29951.9,30517.0,30042.68,30192.27,2109.72935827
2023-04-12 13:00:00,29993.13,30372.04,30192.14,30082.34,1334.34969196
2023-04-12 14:00:00,30041.29,30290.63,30082.33,30048.98,1025.66672444
2023-04-12 15:00:00,29675.0,30095.93,30046.64,29991.85,1187.79769406
2023-04-12 16:00:00,29934.8,30062.85,29991.85,29956.8,742.38003168
2023-04-12 17:00:00,29932.52,30119.99,29956.8,30051.49,742.41468647
2023-04-12 18:00:00,29868.01,30089.97,30051.49,29939.21,824.53622024
2023-04-12 19:00:00,29776.89,29974.95,29937.87,29815.16,742.45428649
2023-04-12 20:00:00,29785.42,29978.1,29818.33,29967.04,333.53489015
2023-04-12 21:00:00,29919.29,30007.54,29967.22,29967.5,320.4540028
2023-04-12 22:00:00,29821.85,30000.0,29967.65,29866.29,472.00041309
2023-04-12 23:00:00,29842.13,29966.35,29868.23,29912.2,332.57524048
2023-04-13 00:00:00,29878.08,30066.28,29912.2,30013.48,394.60667077
2023-04-13 01:00:00,29967.29,30110.0,30015.17,30093.69,296.22154369
2023-04-13 02:00:00,30022.25,30249.0,30093.68,30144.57,441.12274909
2023-04-13 03:00:00,30070.06,30154.11,30147.27,30104.01,224.85342907
2023-04-13 04:00:00,30073.3,30143.78,30103.26,30084.65,145.10150317
2023-04-13 05:00:00,30070.1,30161.77,30084.65,30136.93,176.53522845
2023-04-13 06:00:00,30020.01,30153.61,30137.12,30050.96,217.21891738
2023-04-13 07:00:00,30031.3,30140.52,30051.01,30097.58,256.35631628
2023-04-13 08:00:00,30068.41,30292.87,30096.08,30222.4,587.94861254
2023-04-13 09:00:00,30185.6,30400.0,30220.75,30239.01,808.15983164
2023-04-13 10:00:00,30182.36,30280.0,30239.0,30240.55,320.42202831
2023-04-13 11:00:00,30179.3,30272.61,30240.54,30191.79,369.18164316
2023-04-13 12:00:00,30167.13,30338.91,30192.75,30303.67,612.13144408
2023-04-13 13:00:00,30193.13,30368.74,30300.57,30208.46,879.17641934
2023-04-13 14:00:00,30198.98,30569.23,30208.45,30473.97,1112.7639687
2023-04-13 15:00:00,30336.0,30627.05,30470.17,30474.57,1399.12274005
2023-04-13 16:00:00,30297.31,30514.65,30474.56,30359.46,529.84926816
2023-04-13 17:00:00,30314.21,30477.23,30359.46,30466.22,563.69444014
2023-04-13 18:00:00,30444.93,30579.5,30465.07,30480.85,590.67709755
2023-04-13 19:00:00,30343.03,30483.05,30480.8,30372.96,711.63689463
2023-04-13 20:00:00,30226.74,30371.35,30371.35,30281.18,648.5475375
2023-04-13 21:00:00,30275.01,30368.86,30281.18,30315.88,341.27812613
2023-04-13 22:00:00,30312.94,30430.97,30315.87,30336.11,491.97332621
2023-04-13 23:00:00,30310.28,30422.0,30336.11,30406.78,386.69300511
2023-04-14 00:00:00,30337.18,30832.0,30410.03,30776.64,1430.47878891
2023-04-14 01:00:00,30720.37,30941.21,30776.65,30815.7,862.45168733
2023-04-14 02:00:00,30550.01,30847.3,30815.69,30632.91,828.63909437
2023-04-14 03:00:00,30587.67,30775.24,30632.9,30728.1,367.64969576
2023-04-14 04:00:00,30703.06,30792.67,30728.1,30738.98,336.06245759
2023-04-14 05:00:00,30725.1,30869.16,30738.98,30828.68,600.48103015
2023-04-14 06:00:00,30745.01,31050.0,30829.45,30980.59,1005.79388316
2023-04-14 07:00:00,30759.38,31000.0,30980.47,30766.57,823.35341034
2023-04-14 08:00:00,30684.45,30826.47,30766.26,30762.46,496.25208912
2023-04-14 09:00:00,30725.09,30828.51,30760.11,30822.88,443.20516817
2023-04-14 10:00:00,30783.1,30861.51,30821.96,30797.82,372.30400744
2023-04-14 11:00:00,30755.68,30841.08,30797.83,30833.24,322.52039444
2023-04-14 12:00:00,30601.34,30885.77,30833.24,30646.78,1072.33987577
2023-04-14 13:00:00,30626.18,30783.72,30646.03,30750.7,1116.59464913
2023-04-14 14:00:00,30515.18,30802.3,30750.7,30630.37,1832.95496858
2023-04-14 15:00:00,30114.99,30660.9,30629.25,30260.76,2158.39737542
2023-04-14 16:00:00,30000.0,30296.13,30260.53,30173.55,1166.09291232
2023-04-14 17:00:00,30152.97,30308.31,30175.59,30294.71,830.58129884
2023-04-14 18:00:00,30256.25,30382.71,30294.71,30297.71,758.90117568
2023-04-14 19:00:00,30214.38,30377.06,30297.03,30344.97,797.77136947
2023-04-14 20:00:00,30297.71,30544.92,30344.96,30475.6,1009.61937843
2023-04-14 21:00:00,30420.0,30558.27,30475.54,30482.14,511.35081965
2023-04-14 22:00:00,30439.36,30484.76,30482.14,30462.6,318.15678393
2023-04-14 23:00:00,30373.09,30519.24,30462.6,30492.92,331.60546192
2023-04-15 00:00:00,30400.0,30622.38,30492.91,30400.0,414.32410823
2023-04-15 01:00:00,30301.62,30430.98,30399.01,30395.97,264.37113879
2023-04-15 02:00:00,30369.15,30468.16,30394.18,30404.05,234.95691896
2023-04-15 03:00:00,30390.13,30454.37,30404.05,30408.5,162.641481
2023-04-15 04:00:00,30366.61,30426.31,30408.49,30387.05,183.92400511
2023-04-15 05:00:00,30379.72,30452.52,30387.05,30450.52,134.99344597
2023-04-15 06:00:00,30390.33,30463.84,30450.0,30419.73,94.7674533
2023-04-15 07:00:00,30413.21,30493.54,30421.62,30453.18,144.02124783
2023-04-15 08:00:00,30385.84,30483.29,30453.17,30412.27,107.07405898
2023-04-15 09:00:00,30412.24,30492.52,30412.27,30485.03,130.91619185
2023-04-15 10:00:00,30425.16,30500.0,30485.13,30443.89,174.03117545
2023-04-15 11:00:00,30395.53,30471.01,30443.89,30418.09,200.39433677
2023-04-15 12:00:00,30405.5,30480.81,30418.08,30455.24,424.14777883
2023-04-15 13:00:00,30313.73,30477.69,30455.23,30362.19,278.73383896
2023-04-15 14:00:00,30329.5,30412.78,30362.19,30390.87,244.94948612
2023-04-15 15:00:00,30351.01,30453.34,30391.62,30358.33,419.53682333
2023-04-15 16:00:00,30291.17,30375.39,30357.89,30344.85,299.00725959
2023-04-15 17:00:00,30231.76,30354.09,30346.48,30276.08,239.69213958
2023-04-15 18:00:00,30272.54,30342.56,30275.28,30335.36,218.25472749
2023-04-15 19:00:00,30257.11,30367.29,30335.36,30362.6,189.49468426
2023-04-15 20:00:00,30287.85,30375.0,30362.6,30306.08,278.51560098
2023-04-15 21:00:00,30269.44,30330.0,30306.07,30293.08,197.9730834
2023-04-15 22:00:00,30266.01,30395.19,30293.08,30379.62,275.70977162
2023-04-15 23:00:00,30304.18,30392.42,30379.62,30324.11,174.291483
2023-04-16 00:00:00,30289.56,30349.91,30325.07,30304.04,292.03925164
2023-04-16 01:00:00,30148.28,30305.28,30305.23,30264.83,291.81383971
2023-04-16 02:00:00,30250.21,30317.58,30263.88,30291.45,111.95108438
2023-04-16 03:00:00,30254.4,30301.65,30291.38,30278.5,105.17152995
2023-04-16 04:00:00,30273.48,30344.72,30278.5,30331.65,112.8313058
2023-04-16 05:00:00,30319.65,30370.12,30331.66,30336.47,142.93356895
2023-04-16 06:00:00,30326.33,30382.85,30335.93,30334.21,65.84204851
2023-04-16 07:00:00,30321.54,30425.25,30334.2,30371.27,127.0284584
2023-04-16 08:00:00,30349.66,30383.06,30371.26,30359.86,53.0494716
2023-04-16 09:00:00,30279.68,30360.35,30360.15,30302.02,208.05663382
2023-04-16 10:00:00,30277.53,30321.23,30301.47,30321.23,74.00205975
2023-04-16 11:00:00,30237.17,30354.51,30322.3,30252.91,111.55826933
2023-04-16 12:00:00,30226.31,30304.54,30251.24,30282.39,244.6238336
2023-04-16 13:00:00,30183.95,30290.05,30284.83,30279.39,233.23936568
2023-04-16 14:00:00,30267.29,30349.15,30279.77,30333.48,264.3028874
2023-04-16 15:00:00,30322.28,30390.71,30332.21,30357.31,277.46536465
2023-04-16 16:00:00,30259.14,30369.73,30356.98,30361.2,277.92202831
2023-04-16 17:00:00,30312.1,30405.16,30361.11,30322.81,292.71821753
2023-04-16 18:00:00,30316.04,30510.2,30321.85,30507.25,331.4089065
2023-04-16 19:00:00,30302.42,30572.1,30501.29,30336.85,763.09334532
2023-04-16 20:00:00,30209.89,30433.06,30333.89,30367.24,399.72181192
2023-04-16 21:00:00,30273.08,30417.03,30367.24,30413.37,484.99263884
2023-04-16 22:00:00,30228.01,30431.54,30413.31,30355.08,598.52526828
2023-04-16 23:00:00,30266.91,30384.6,30355.08,30326.09,365.95792474
2023-04-17 00:00:00,29802.15,30340.21,30321.41,29869.19,1563.26280082
2023-04-17 01:00:00,29767.86,30060.93,29869.18,29965.77,1339.94047736
2023-04-17 02:00:00,29907.29,30120.83,29965.33,30035.49,738.20428589
2023-04-17 03:00:00,29968.4,30062.47,30035.17,30003.78,223.14917309
2023-04-17 04:00:00,29931.37,30010.97,30002.98,30001.9,205.16993666
2023-04-17 05:00:00,29955.5,30034.69,30001.93,30022.54,167.96913134
2023-04-17 06:00:00,29913.0,30031.66,30020.41,29930.96,175.9639089
2023-04-17 07:00:00,29851.0,29962.73,29930.96,29864.74,272.46068608
2023-04-17 08:00:00,29816.99,29940.72,29864.54,29933.84,212.99821967
2023-04-17 09:00:00,29867.85,29944.14,29931.82,29899.98,224.48214165
2023-04-17 10:00:00,29788.0,29917.4,29899.98,29907.29,431.77485992
2023-04-17 11:00:00,29405.36,29914.62,29905.06,29589.47,987.56994635
2023-04-17 12:00:00,29457.01,29617.33,29586.84,29548.66,892.32156087
2023-04-17 13:00:00,29265.02,29559.73,29550.2,29417.63,1089.55422653
2023-04-17 14:00:00,29367.59,29502.6,29416.17,29457.13,614.73215289
2023-04-17 15:00:00,29251.71,29484.0,29457.14,29373.16,671.90492941
2023-04-17 16:00:00,29338.84,29548.02,29372.19,29479.84,604.21566844
2023-04-17 17:00:00,29461.6,29547.99,29480.7,29480.59,421.0666013
2023-04-17 18:00:00,29472.94,29594.45,29480.32,29544.24,395.6978183
2023-04-17 19:00:00,29459.64,29601.55,29544.23,29483.15,795.51235292
2023-04-17 20:00:00,29430.0,29519.4,29483.18,29461.89,530.6832355
2023-04-17 21:00:00,29403.62,29488.78,29461.89,29473.41,303.82756027
2023-04-17 22:00:00,29472.27,29556.08,29473.41,29524.0,354.3828096
2023-04-17 23:00:00,29411.54,29534.38,29521.59,29449.91,201.19356084
2023-04-18 00:00:00,29300.0,29476.15,29449.91,29379.91,311.80264713
2023-04-18 01:00:00,29103.89,29428.47,29378.15,29386.22,766.72120321
2023-04-18 02:00:00,29386.38,29507.06,29386.38,29485.95,272.62452332
2023-04-18 03:00:00,29456.82,29525.83,29485.12,29465.06,207.85362007
2023-04-18 04:00:00,29455.0,29529.94,29465.16,29514.66,187.84762211
2023-04-18 05:00:00,29507.38,29615.73,29514.66,29561.21,255.56317605
2023-04-18 06:00:00,29559.14,29754.22,29560.69,29730.67,388.45263486
2023-04-18 07:00:00,29682.23,29817.64,29730.9,29787.02,293.83937741
2023-04-18 08:00:00,29706.53,29846.85,29785.3,29718.09,252.27013192
2023-04-18 09:00:00,29711.1,29949.17,29718.09,29908.97,430.44113424
2023-04-18 10:00:00,29873.75,29985.4,29911.25,29912.84,410.8681715
2023-04-18 11:00:00,29893.95,30396.1,29910.66,30394.07,988.54264022
2023-04-18 12:00:00,30283.93,30500.0,30391.73,30317.43,1310.52218084
2023-04-18 13:00:00,30289.43,30445.92,30317.05,30389.92,798.49399368
2023-04-18 14:00:00,30128.12,30404.17,30388.17,30260.8,809.75299454
2023-04-18 15:00:00,30108.76,30300.0,30258.86,30194.55,627.11762002
2023-04-18 16:00:00,30167.16,30278.29,30198.75,30234.99,560.17382189
2023-04-18 17:00:00,30035.35,30271.39,30233.47,30046.98,624.7531447
2023-04-18 18:00:00,29967.61,30282.39,30045.6,30159.51,921.59053683
2023-04-18 19:00:00,30107.55,30247.87,30159.51,30224.17,483.06543442
2023-04-18 20:00:00,30156.22,30463.84,30223.35,30426.34,549.30629784
2023-04-18 21:00:00,30281.92,30451.17,30425.49,30378.06,479.99603444
2023-04-18 22:00:00,30298.21,30414.89,30378.06,30378.23,306.59793232
2023-04-18 23:00:00,30308.77,30426.4,30379.18,30393.4,411.3253009
2023-04-19 00:00:00,30290.53,30430.72,30394.5,30332.1,370.43317357
2023-04-19 01:00:00,30229.99,30360.1,30331.83,30246.69,346.88076202
2023-04-19 02:00:00,30133.44,30270.82,30244.6,30211.24,588.32417569
2023-04-19 03:00:00,30190.0,30294.55,30211.23,30224.38,161.01244253
2023-04-19 04:00:00,30156.65,30252.78,30226.07,30214.25,216.32153433
2023-04-19 05:00:00,30184.89,30340.19,30213.24,30279.75,215.57131476
2023-04-19 06:00:00,30017.29,30290.28,30279.69,30022.7,519.74493749
2023-04-19 07:00:00,29993.0,30133.87,30022.71,30088.99,271.87985419
2023-04-19 08:00:00,29010.0,30090.0,30088.98,29190.04,3823.43372941
2023-04-19 09:00:00,29055.72,29346.66,29190.17,29212.19,1316.48044531
2023-04-19 10:00:00,29100.0,29287.19,29212.11,29266.22,796.67904512
2023-04-19 11:00:00,29244.65,29345.62,29266.16,29325.63,490.64747433
2023-04-19 12:00:00,29185.4,29325.68,29323.78,29226.26,984.94888549
2023-04-19 13:00:00,29181.47,29353.05,29226.26,29341.02,828.74062747
2023-04-19 14:00:00,29336.46,29526.98,29340.76,29413.33,978.97164635
2023-04-19 15:00:00,29121.91,29450.49,29412.37,29289.02,1279.04314938
2023-04-19 16:00:00,29259.57,29397.15,29289.36,29335.17,592.5271709
2023-04-19 17:00:00,29109.15,29350.53,29335.2,29337.59,712.62044963
2023-04-19 18:00:00,29233.32,29376.55,29336.26,29296.85,680.69330458
2023-04-19 19:00:00,29212.93,29368.55,29296.38,29237.74,907.67936282
2023-04-19 20:00:00,29163.38,29329.88,29235.44,29247.77,1068.20050408
2023-04-19 21:00:00,28814.0,29276.6,29247.64,29183.35,1159.02714254
2023-04-19 22:00:00,29046.17,29247.04,29183.35,29092.12,642.89052849
2023-04-19 23:00:00,28595.28,29103.95,29089.79,28809.72,1999.12685524
2023-04-20 00:00:00,28730.0,28972.21,28809.71,28931.09,672.23472634
2023-04-20 01:00:00,28847.72,29009.33,28931.09,28946.24,651.35500229
2023-04-20 02:00:00,28729.83,28973.74,28946.24,28759.72,491.4350925
2023-04-20 03:00:00,28556.87,28897.7,28759.71,28878.61,545.37934033
2023-04-20 04:00:00,28858.54,28972.33,28882.42,28882.89,374.92344839
2023-04-20 05:00:00,28830.97,28960.45,28883.44,28909.31,257.4668133
2023-04-20 06:00:00,28907.48,29102.69,28909.86,28945.9,448.39831058
2023-04-20 07:00:00,28856.8,28965.9,28941.1,28880.36,272.36878994
2023-04-20 08:00:00,28750.74,28965.92,28878.62,28836.57,542.70432561
2023-04-20 09:00:00,28827.93,28918.86,28836.57,28867.65,333.45352392
2023-04-20 10:00:00,28784.96,28913.82,28867.65,28858.96,316.84788429
2023-04-20 11:00:00,28600.0,28869.85,28858.92,28621.44,630.40477307
2023-04-20 12:00:00,28353.1,28956.83,28622.09,28896.37,1658.26770496
2023-04-20 13:00:00,28717.56,28906.65,28894.57,28825.67,930.55086114
2023-04-20 14:00:00,28683.14,28883.64,28824.71,28721.91,575.97009077
2023-04-20 15:00:00,28450.0,28740.57,28724.9,28505.76,937.20489488
2023-04-20 16:00:00,28249.31,28660.65,28505.82,28438.77,1668.54562432
2023-04-20 17:00:00,28348.48,28612.47,28443.37,28451.35,870.46770048
2023-04-20 18:00:00,28267.54,28534.69,28454.11,28356.72,793.25162217
2023-04-20 19:00:00,27991.32,28361.27,28356.74,28099.28,1516.17393585
2023-04-20 20:00:00,28015.11,28320.0,28096.49,28202.88,821.14934512
2023-04-20 21:00:00,28139.0,28290.83,28202.87,28233.86,696.97208346
2023-04-20 22:00:00,28179.49,28366.69,28234.79,28254.37,555.17589471
2023-04-20 23:00:00,28189.32,28323.42,28254.37,28248.18,446.61031469
2023-04-21 00:00:00,28071.08,28371.88,28248.18,28286.51,1483.36944775
2023-04-21 01:00:00,28190.01,28316.07,28286.51,28200.83,279.77167048
2023-04-21 02:00:00,28137.59,28254.43,28198.97,28247.96,414.92106495
2023-04-21 03:00:00,28236.99,28338.04,28249.22,28321.31,227.66675469
2023-04-21 04:00:00,28226.11,28348.83,28323.92,28239.21,184.41953986
2023-04-21 05:00:00,28155.0,28259.36,28240.67,28157.58,531.25317765
2023-04-21 06:00:00,27815.0,28217.63,28155.12,27920.13,909.28530477
2023-04-21 07:00:00,27834.73,28175.3,27916.48,28156.53,765.18489897
2023-04-21 08:00:00,28017.01,28238.87,28156.53,28067.92,429.956052
2023-04-21 09:00:00,27967.73,28117.4,28069.69,28059.48,278.3432597
2023-04-21 10:00:00,27938.86,28150.78,28059.47,27999.33,314.7473748
2023-04-21 11:00:00,27910.76,28096.58,27998.65,28062.1,555.70693696
2023-04-21 12:00:00,27963.09,28227.9,28061.9,28215.89,669.39243348
2023-04-21 13:00:00,28087.38,28305.34,28215.89,28109.21,580.45954571
2023-04-21 14:00:00,28020.05,28207.49,28107.5,28044.89,1924.65101326
2023-04-21 15:00:00,27972.41,28136.81,28044.88,28031.26,1025.83255553
2023-04-21 16:00:00,27935.19,28081.91,28031.23,28025.22,812.52311711
2023-04-21 17:00:00,27752.07,28046.53,28027.62,27894.65,1303.18398437
2023-04-21 18:00:00,27700.0,27982.53,27895.13,27758.69,990.47451335
2023-04-21 19:00:00,27173.36,27780.24,27756.07,27264.4,3028.60753444
2023-04-21 20:00:00,27169.13,27409.72,27264.85,27260.2,1329.7572356
2023-04-21 21:00:00,27226.19,27373.98,27260.13,27277.91,529.64308522
2023-04-21 22:00:00,27133.0,27354.74,27277.91,27265.22,658.34376136
2023-04-21 23:00:00,27235.0,27338.17,27263.84,27253.85,438.49699844
2023-04-22 00:00:00,27204.33,27322.3,27252.96,27214.16,242.93812793
2023-04-22 01:00:00,27133.0,27302.54,27214.16,27284.98,388.60885303
2023-04-22 02:00:00,27223.48,27314.62,27284.98,27234.77,266.00756798
2023-04-22 03:00:00,27227.28,27366.98,27234.76,27320.07,247.69720898
2023-04-22 04:00:00,27297.04,27366.84,27320.07,27343.26,160.72999852
2023-04-22 05:00:00,27301.09,27400.0,27343.26,27400.0,133.51108984
2023-04-22 06:00:00,27303.21,27400.99,27400.0,27350.6,146.53210144
2023-04-22 07:00:00,27223.68,27356.12,27349.84,27278.93,250.25580469
2023-04-22 08:00:00,27184.54,27310.82,27277.67,27214.01,274.51259052
2023-04-22 09:00:00,27212.18,27272.48,27213.73,27239.57,194.53133056
2023-04-22 10:00:00,27180.99,27265.84,27239.57,27251.55,276.2268142
2023-04-22 11:00:00,27238.07,27323.08,27250.7,27286.49,168.9520138
2023-04-22 12:00:00,27280.89,27359.71,27286.0,27336.21,184.18342582
2023-04-22 13:00:00,27234.6,27363.42,27336.21,27261.25,279.37721937
2023-04-22 14:00:00,27244.41,27499.96,27259.64,27475.52,363.88579048
2023-04-22 15:00:00,27387.9,27565.51,27477.64,27493.99,428.96170736
2023-04-22 16:00:00,27486.44,27692.2,27495.67,27587.42,633.93144634
2023-04-22 17:00:00,27571.72,27789.21,27588.74,27669.39,546.83331282
2023-04-22 18:00:00,27522.49,27681.17,27669.39,27600.83,260.05600819
2023-04-22 19:00:00,27584.84,27660.6,27600.83,27623.84,278.80840419
2023-04-22 20:00:00,27623.4,27705.0,27623.84,27637.91,300.45996907
2023-04-22 21:00:00,27569.67,27674.01,27637.9,27674.01,178.76515589
2023-04-22 22:00:00,27654.32,27887.78,27674.01,27856.8,1067.12920071
2023-04-22 23:00:00,27803.0,27886.31,27852.24,27821.41,283.96255791
2023-04-23 00:00:00,27435.0,27820.99,27820.99,27547.5,493.51006977
2023-04-23 01:00:00,27485.0,27668.41,27547.51,27559.8,327.96532816
2023-04-23 02:00:00,27493.91,27616.93,27559.79,27597.76,282.90077133
2023-04-23 03:00:00,27539.83,27652.01,27597.59,27566.94,219.88545091
2023-04-23 04:00:00,27554.04,27639.72,27566.49,27614.96,183.81478723
2023-04-23 05:00:00,27542.73,27632.93,27614.05,27594.0,211.98936435
2023-04-23 06:00:00,27570.85,27638.36,27594.01,27596.3,131.40564785
2023-04-23 07:00:00,27555.14,27759.81,27595.22,27726.63,273.28218369
2023-04-23 08:00:00,27674.88,27776.67,27726.63,27716.16,148.9912605
2023-04-23 09:00:00,27595.75,27733.86,27716.15,27638.28,138.4115213
2023-04-23 10:00:00,27493.01,27657.1,27638.2,27536.06,168.54593928
2023-04-23 11:00:00,27518.45,27656.77,27534.18,27655.61,143.30679718
2023-04-23 12:00:00,27596.51,27743.17,27655.6,27614.91,198.9872025
2023-04-23 13:00:00,27584.84,27674.37,27613.31,27638.89,162.70893358
2023-04-23 14:00:00,27510.01,27688.96,27638.88,27563.33,237.90572709
2023-04-23 15:00:00,27333.2,27590.21,27562.02,27484.35,567.45518941
2023-04-23 16:00:00,27378.0,27690.68,27484.37,27590.44,390.2352079
2023-04-23 17:00:00,27484.08,27639.88,27590.82,27517.29,223.98933406
2023-04-23 18:00:00,27345.44,27549.12,27519.25,27460.13,475.65460095
2023-04-23 19:00:00,27425.03,27538.21,27464.06,27474.37,279.48029001
2023-04-23 20:00:00,27407.24,27550.7,27474.02,27507.94,253.71226646
2023-04-23 21:00:00,27478.2,27555.28,27507.94,27516.39,208.90877045
2023-04-23 22:00:00,27423.29,27642.8,27518.69,27594.64,275.28038869
2023-04-23 23:00:00,27544.28,27650.0,27594.0,27592.98,257.4407506
2023-04-24 00:00:00,27428.92,27868.85,27592.7,27809.45,495.86113112
2023-04-24 01:00:00,27690.93,28000.0,27809.02,27762.93,722.00325294
2023-04-24 02:00:00,27673.14,27831.01,27762.89,27745.16,346.20940806
2023-04-24 03:00:00,27676.31,27796.49,27744.71,27791.17,166.11693213
2023-04-24 04:00:00,27691.42,27796.11,27791.17,27707.53,160.2820462
2023-04-24 05:00:00,27640.0,27764.17,27705.59,27659.25,151.20954596
2023-04-24 06:00:00,27467.87,27710.32,27658.78,27546.85,253.01499767
2023-04-24 07:00:00,27346.27,27544.05,27544.05,27452.08,1322.34594713
2023-04-24 08:00:00,27158.67,27519.33,27450.7,27180.78,874.78261835
2023-04-24 09:00:00,27164.58,27370.25,27175.33,27311.07,369.88836582
2023-04-24 10:00:00,27305.07,27436.36,27312.11,27421.76,239.72508763
2023-04-24 11:00:00,27375.96,27555.2,27421.8,27553.52,530.36934049
2023-04-24 12:00:00,27422.93,27580.88,27553.49,27444.2,373.41150903
2023-04-24 13:00:00,27386.9,27715.91,27444.85,27632.32,681.85466812
2023-04-24 14:00:00,27277.83,27707.03,27632.31,27432.64,672.71607336
2023-04-24 15:00:00,27217.73,27434.67,27432.62,27267.74,670.84791246
2023-04-24 16:00:00,27045.17,27400.0,27268.36,27112.48,929.64124432
2023-04-24 17:00:00,26965.14,27415.21,27112.47,27381.82,849.45093401
2023-04-24 18:00:00,27284.5,27581.83,27382.55,27339.17,527.50461772
2023-04-24 19:00:00,27318.33,27425.55,27342.45,27383.51,423.99389541
2023-04-24 20:00:00,27328.49,27485.19,27382.83,27462.39,420.47772485
2023-04-24 21:00:00,27320.0,27512.4,27462.1,27416.86,648.81678094
2023-04-24 22:00:00,27379.69,27517.55,27414.48,27462.98,182.59165062
2023-04-24 23:00:00,27444.98,27563.32,27462.97,27515.05,245.47524612
2023-04-25 00:00:00,27432.71,27595.69,27513.85,27463.76,204.5542604
2023-04-25 01:00:00,27370.01,27522.24,27462.82,27402.9,218.57970571
2023-04-25 02:00:00,27327.82,27436.73,27403.93,27406.94,196.19392327
2023-04-25 03:00:00,27320.18,27437.42,27406.97,27347.68,217.93113044
2023-04-25 04:00:00,27331.29,27448.43,27347.69,27414.39,151.24871848
2023-04-25 05:00:00,27322.36,27462.99,27414.23,27415.2,113.30315545
2023-04-25 06:00:00,27347.28,27452.59,27415.32,27359.98,107.16902526
2023-04-25 07:00:00,27243.72,27410.73,27362.94,27269.66,311.03213908
2023-04-25 08:00:00,27194.51,27443.87,27270.26,27427.06,370.11062028
2023-04-25 09:00:00,27281.36,27443.02,27427.17,27324.73,209.89701288
2023-04-25 10:00:00,27288.44,27353.38,27326.9,27334.11,234.50814952
2023-04-25 11:00:00,27311.7,27435.0,27333.41,27390.04,312.17870329
2023-04-25 12:00:00,27355.28,27474.35,27390.04,27391.9,249.93939813
2023-04-25 13:00:00,27318.66,27469.65,27391.91,27344.87,561.95540859
2023-04-25 14:00:00,27209.58,27393.64,27343.71,27289.14,937.05364001
2023-04-25 15:00:00,27265.49,27433.85,27290.75,27342.2,630.26445116
2023-04-25 16:00:00,27310.47,27420.0,27340.61,27392.89,447.84041591
2023-04-25 17:00:00,27317.93,27658.83,27392.89,27627.53,1197.83422123
2023-04-25 18:00:00,27557.66,27789.94,27622.86,27581.07,974.09819108
2023-04-25 19:00:00,27479.93,27664.46,27577.19,27612.29,569.07455178
2023-04-25 20:00:00,27614.0,28054.87,27614.0,27978.62,1508.06536825
2023-04-25 21:00:00,27978.62,28315.89,27978.62,28270.49,1279.46874996
2023-04-25 22:00:00,28207.67,28400.0,28267.94,28240.38,643.29531753
2023-04-25 23:00:00,28161.74,28372.16,28240.91,28304.42,367.98365282
2023-04-26 00:00:00,28268.01,28490.2,28304.42,28308.12,1513.76803378
2023-04-26 01:00:00,28255.58,28396.45,28308.11,28392.85,429.96576155
2023-04-26 02:00:00,28352.54,28414.7,28394.62,28396.29,246.1875175
2023-04-26 03:00:00,28312.72,28464.93,28395.93,28318.19,329.67656685
2023-04-26 04:00:00,28301.58,28381.82,28317.97,28332.41,211.71959939
2023-04-26 05:00:00,28332.03,28426.76,28332.41,28400.56,161.30637616
2023-04-26 06:00:00,28348.2,28582.18,28400.55,28399.44,647.66123408
2023-04-26 07:00:00,28315.71,28415.4,28401.2,28379.32,234.74016097
2023-04-26 08:00:00,28373.26,28784.84,28380.23,28735.01,1424.29155132
2023-04-26 09:00:00,28690.48,28946.69,28735.53,28878.0,1064.57760951
2023-04-26 10:00:00,28787.06,29111.48,28882.82,29008.92,1206.52837801
2023-04-26 11:00:00,28910.66,29146.12,29010.34,28960.91,727.65314945
2023-04-26 12:00:00,28962.07,30050.66,28963.66,29970.15,3145.59302676
2023-04-26 13:00:00,29659.37,30036.58,29970.15,29856.18,1916.42490758
2023-04-26 14:00:00,29522.75,29891.36,29854.41,29703.49,1159.79878562
2023-04-26 15:00:00,29681.38,29860.44,29705.64,29817.68,1259.66525256
2023-04-26 16:00:00,29707.4,29903.39,29817.2,29807.66,1248.78696253
2023-04-26 17:00:00,29658.37,29851.11,29809.65,29719.69,666.08008242
2023-04-26 18:00:00,29701.59,29809.76,29724.91,29734.99,611.01604832
2023-04-26 19:00:00,27700.83,29739.76,29739.72,27894.99,5026.8271972
2023-04-26 20:00:00,27230.77,28434.83,27894.82,28434.83,5265.75301341
2023-04-26 21:00:00,28104.19,28706.37,28428.98,28689.78,1439.05412394
2023-04-26 22:00:00,28183.3,28750.0,28685.04,28311.26,1146.33622641
2023-04-26 23:00:00,28268.76,28471.67,28311.26,28426.08,552.97993931
2023-04-27 00:00:00,28387.07,29483.37,28428.86,29235.11,2815.40624246
2023-04-27 01:00:00,28549.09,29349.11,29234.69,28750.43,1623.75121808
2023-04-27 02:00:00,28749.96,29113.67,28750.43,29038.31,715.73519182
2023-04-27 03:00:00,28836.68,29058.01,29036.1,28897.48,593.44568794
2023-04-27 04:00:00,28874.88,29164.74,28897.49,29106.79,487.00917214
2023-04-27 05:00:00,29055.1,29285.57,29103.18,29091.98,559.35667781
2023-04-27 06:00:00,28643.36,29108.11,29091.99,28809.83,938.19494238
2023-04-27 07:00:00,28697.14,28965.95,28808.42,28901.46,603.00075223
2023-04-27 08:00:00,28785.0,29107.78,28900.78,28965.39,467.24491416
2023-04-27 09:00:00,28875.27,29042.68,28965.38,28946.55,339.86996669
2023-04-27 10:00:00,28900.0,29051.8,28945.85,29007.77,342.52661557
2023-04-27 11:00:00,28892.48,29154.86,29006.27,28947.82,655.94578211
2023-04-27 12:00:00,28670.0,29072.01,28943.26,28871.89,1097.22079123
2023-04-27 13:00:00,28861.47,28972.03,28874.83,28943.69,947.86996989
2023-04-27 14:00:00,28941.11,29105.34,28944.09,28987.58,725.69249604
2023-04-27 15:00:00,28829.39,29573.35,28988.85,29156.38,2148.2351701
2023-04-27 16:00:00,29018.85,29224.2,29158.79,29140.17,473.10316426
2023-04-27 17:00:00,29097.26,29444.4,29140.17,29304.81,791.38073742
2023-04-27 18:00:00,29233.92,29900.0,29304.27,29779.1,2079.34380047
2023-04-27 19:00:00,29458.91,29870.0,29779.11,29694.17,2615.88630478
2023-04-27 20:00:00,29478.84,29767.55,29693.71,29635.8,1308.32360218
2023-04-27 21:00:00,29542.9,29794.64,29632.35,29657.72,690.72623037
2023-04-27 22:00:00,29271.35,29680.2,29657.73,29399.74,863.23968742
2023-04-27 23:00:00,29386.88,29510.78,29402.37,29483.72,427.85448023
2023-04-28 00:00:00,29361.42,29573.72,29486.97,29565.45,576.00434133
2023-04-28 01:00:00,29409.92,29606.45,29566.64,29523.91,567.94087172
2023-04-28 02:00:00,29381.52,29559.12,29526.86,29407.39,390.02345771
2023-04-28 03:00:00,29337.92,29448.91,29405.31,29433.73,261.88158896
2023-04-28 04:00:00,29417.11,29549.75,29433.72,29504.24,355.02734112
2023-04-28 05:00:00,29463.97,29580.95,29502.64,29491.68,191.31242168
2023-04-28 06:00:00,29406.02,29535.51,29489.24,29477.92,239.62758164
2023-04-28 07:00:00,29445.94,29541.33,29479.81,29505.58,365.18160796
2023-04-28 08:00:00,29153.24,29511.12,29505.37,29259.64,638.52810053
2023-04-28 09:00:00,29147.0,29308.57,29259.71,29214.32,305.51598616
2023-04-28 10:00:00,29183.66,29365.26,29214.31,29274.71,248.08263173
2023-04-28 11:00:00,29213.93,29342.06,29274.72,29247.77,415.71812939
2023-04-28 12:00:00,29201.24,29481.83,29251.49,29243.36,565.11784327
2023-04-28 13:00:00,28900.0,29372.22,29243.38,29044.23,1280.19596257
2023-04-28 14:00:00,29015.06,29326.55,29041.69,29111.32,2174.44358115
2023-04-28 15:00:00,28963.19,29194.76,29108.88,29158.78,781.34571694
2023-04-28 16:00:00,29114.86,29316.34,29158.79,29288.5,577.63611739
2023-04-28 17:00:00,29157.32,29304.77,29288.01,29256.36,507.80170346
2023-04-28 18:00:00,29130.0,29275.81,29254.83,29261.62,596.02128644
2023-04-28 19:00:00,29262.41,29458.63,29263.91,29338.34,1250.15762428
2023-04-28 20:00:00,29312.11,29426.53,29338.38,29359.45,742.40847175
2023-04-28 21:00:00,29320.24,29394.97,29361.86,29355.81,549.72094119
2023-04-28 22:00:00,29345.29,29457.89,29355.81,29367.89,303.9171818
2023-04-28 23:00:00,29293.16,29421.33,29368.74,29338.63,300.42889819
2023-04-29 00:00:00,29217.65,29386.16,29339.47,29288.44,236.81798245
2023-04-29 01:00:00,29240.98,29331.28,29288.44,29296.8,236.60622456
2023-04-29 02:00:00,29293.38,29425.18,29296.8,29402.95,287.36313996
2023-04-29 03:00:00,29363.16,29424.27,29402.99,29369.27,253.93193665
2023-04-29 04:00:00,29363.01,29470.0,29369.65,29397.65,156.63325089
2023-04-29 05:00:00,29373.53,29456.27,29397.51,29380.49,140.331664
2023-04-29 06:00:00,29301.07,29405.29,29380.42,29351.32,225.09717336
2023-04-29 07:00:00,29315.8,29395.97,29348.69,29365.46,128.68966151
2023-04-29 08:00:00,29293.94,29385.36,29368.81,29335.8,108.99428202
2023-04-29 09:00:00,29270.12,29345.08,29336.55,29324.05,121.08796272
2023-04-29 10:00:00,29259.22,29334.67,29323.8,29288.6,136.96485351
2023-04-29 11:00:00,29257.43,29360.06,29287.99,29352.39,229.09683187
2023-04-29 12:00:00,29299.66,29363.32,29352.38,29303.61,212.91792783
2023-04-29 13:00:00,29297.87,29416.3,29302.12,29404.69,187.59894973
2023-04-29 14:00:00,29342.61,29418.02,29401.94,29355.86,163.09733355
2023-04-29 15:00:00,29240.45,29366.67,29355.85,29289.69,188.77602203
2023-04-29 16:00:00,29265.49,29330.04,29288.9,29305.28,202.63430837
2023-04-29 17:00:00,29057.3,29308.35,29304.85,29179.2,486.25888208
2023-04-29 18:00:00,29144.47,29243.81,29179.2,29200.03,180.81476807
2023-04-29 19:00:00,29187.94,29333.51,29202.55,29259.04,173.86253076
2023-04-29 20:00:00,29218.81,29292.94,29259.04,29239.78,132.55391996
2023-04-29 21:00:00,29187.82,29279.6,29238.41,29251.29,151.25343661
2023-04-29 22:00:00,29185.87,29258.98,29251.36,29219.38,381.13582349
2023-04-29 23:00:00,29156.01,29261.67,29218.22,29249.35,187.20831208
2023-04-30 00:00:00,29135.86,29250.99,29249.24,29158.96,110.34120598
2023-04-30 01:00:00,29095.92,29190.32,29156.12,29116.31,265.90054801
2023-04-30 02:00:00,29105.92,29208.76,29116.3,29196.93,148.13307937
2023-04-30 03:00:00,29159.03,29215.15,29196.93,29197.94,99.44974379
2023-04-30 04:00:00,29185.17,29238.45,29197.94,29228.1,73.13404126
2023-04-30 05:00:00,29221.98,29284.46,29228.09,29276.48,115.9289954
2023-04-30 06:00:00,29252.39,29302.87,29277.42,29293.16,100.07142953
2023-04-30 07:00:00,29280.0,29314.46,29293.16,29283.13,69.83639973
2023-04-30 08:00:00,29256.79,29365.13,29283.13,29289.84,117.8592594
2023-04-30 09:00:00,29235.47,29295.59,29287.56,29273.05,85.93909304
2023-04-30 10:00:00,29201.77,29335.09,29275.25,29241.19,97.09037384
2023-04-30 11:00:00,29178.69,29272.48,29242.69,29216.74,78.60339582
2023-04-30 12:00:00,29200.95,29270.0,29215.91,29256.23,81.81186059
2023-04-30 13:00:00,29252.35,29346.15,29256.79,29316.63,131.56584797
2023-04-30 14:00:00,29264.4,29452.23,29316.49,29413.96,237.67180582
2023-04-30 15:00:00,29415.23,29969.99,29415.23,29670.67,1554.99499797
2023-04-30 16:00:00,29637.24,29882.23,29673.46,29725.61,461.78861589
2023-04-30 17:00:00,29655.0,29842.32,29727.25,29659.58,325.64975058
2023-04-30 18:00:00,29526.98,29689.11,29658.22,29596.03,261.45297239
2023-04-30 19:00:00,29238.7,29613.77,29592.92,29383.67,803.28431343
2023-04-30 20:00:00,29171.1,29383.65,29383.65,29354.57,509.09589483
2023-04-30 21:00:00,29332.28,29506.94,29353.41,29430.36,384.38605394
2023-04-30 22:00:00,29372.68,29451.74,29433.54,29389.59,355.35540374
2023-04-30 23:00:00,29186.97,29437.51,29390.12,29247.14,367.72323139
2023-05-01 00:00:00,29222.22,29348.6,29240.49,29327.39,397.76707286
2023-05-01 01:00:00,28379.01,29330.26,29327.87,28520.23,1972.62698223
2023-05-01 02:00:00,28427.96,28696.32,28520.21,28569.06,1099.60646751
2023-05-01 03:00:00,28444.93,28610.82,28568.51,28573.97,387.55724483
2023-05-01 04:00:00,28491.26,28598.55,28573.56,28567.89,959.66417952
2023-05-01 05:00:00,28271.44,28648.93,28567.87,28497.78,691.05555244
2023-05-01 06:00:00,28458.85,28610.51,28494.16,28604.85,206.87743535
2023-05-01 07:00:00,28586.66,28725.08,28600.33,28640.55,370.90151783
2023-05-01 08:00:00,28551.41,28644.34,28640.56,28578.07,361.8227983
2023-05-01 09:00:00,28501.32,28688.82,28578.07,28532.15,227.59059552
2023-05-01 10:00:00,28491.28,28573.75,28531.61,28562.04,233.83399527
2023-05-01 11:00:00,28512.49,28596.99,28560.47,28531.25,232.3277558
2023-05-01 12:00:00,28456.61,28619.59,28531.15,28605.83,395.89136155
2023-05-01 13:00:00,28438.39,28640.65,28605.82,28463.25,573.5446011
2023-05-01 14:00:00,28322.83,28586.65,28462.23,28477.49,1058.03177444
2023-05-01 15:00:00,28073.76,28494.39,28477.79,28179.14,1817.63971618
2023-05-01 16:00:00,28008.88,28394.71,28179.2,28363.27,1012.83067563
2023-05-01 17:00:00,28160.81,28415.85,28363.27,28278.37,577.3205815
2023-05-01 18:00:00,28082.37,28297.35,28275.25,28168.27,908.1213941
2023-05-01 19:00:00,27800.0,28189.04,28170.4,27833.06,1928.3832955
2023-05-01 20:00:00,27664.31,27952.25,27831.53,27677.7,1151.05288923
2023-05-01 21:00:00,27669.52,28083.51,27677.96,27995.77,609.54942855
2023-05-01 22:00:00,27945.81,28162.68,27995.77,28029.48,421.44911593
2023-05-01 23:00:00,28012.91,28154.64,28029.08,28077.27,357.67026925
2023-05-02 00:00:00,27970.88,28153.11,28077.44,28057.08,413.96036089
2023-05-02 01:00:00,27919.3,28089.6,28057.03,27947.01,578.35492487
2023-05-02 02:00:00,27926.46,28040.0,27948.64,28011.34,416.20620133
2023-05-02 03:00:00,27930.68,28051.84,28011.33,28045.5,359.34050126
2023-05-02 04:00:00,27919.25,28053.29,28043.64,27935.11,196.22247006
2023-05-02 05:00:00,27871.44,28020.87,27935.39,28000.97,288.35901408
2023-05-02 06:00:00,27964.9,28041.25,28000.96,27998.08,167.57526541
2023-05-02 07:00:00,27990.6,28172.61,28000.12,28060.7,289.50892602
2023-05-02 08:00:00,28012.2,28137.83,28060.7,28034.43,182.81570403
2023-05-02 09:00:00,27940.99,28072.95,28034.21,27981.44,343.62431479
2023-05-02 10:00:00,27967.37,28053.92,27981.42,28018.81,195.90829721
2023-05-02 11:00:00,28015.13,28104.35,28018.81,28087.14,264.07637683
2023-05-02 12:00:00,28005.72,28242.91,28086.52,28109.75,559.85022202
2023-05-02 13:00:00,27930.46,28148.51,28109.75,28011.34,472.42174057
2023-05-02 14:00:00,27910.0,28644.94,28011.34,28380.45,2463.30161566
2023-05-02 15:00:00,28269.7,28778.56,28377.57,28546.14,1693.42433692
2023-05-02 16:00:00,28451.47,28628.75,28544.44,28480.89,575.92762441
2023-05-02 17:00:00,28439.3,28615.15,28479.92,28596.24,581.43815835
2023-05-02 18:00:00,28550.83,28801.75,28600.19,28744.55,743.42129215
2023-05-02 19:00:00,28670.89,28899.99,28744.57,28708.6,1035.13403393
2023-05-02 20:00:00,28640.1,28811.22,28708.58,28695.08,376.06365482
2023-05-02 21:00:00,28632.26,28713.89,28694.29,28684.71,240.97259926
2023-05-02 22:00:00,28669.04,28839.32,28683.11,28754.29,466.5297962
2023-05-02 23:00:00,28632.15,28790.41,28754.68,28684.4,354.16762587
2023-05-03 00:00:00,28500.0,28707.12,28683.41,28511.8,451.48113067
2023-05-03 01:00:00,28500.0,28606.05,28514.85,28551.78,254.63470134
2023-05-03 02:00:00,28348.74,28561.32,28551.78,28526.47,379.46920722
2023-05-03 03:00:00,28454.46,28553.77,28526.44,28532.91,170.74392113
2023-05-03 04:00:00,28444.95,28539.7,28532.82,28534.17,201.66411061
2023-05-03 05:00:00,28465.79,28544.63,28533.03,28487.36,186.30116165
2023-05-03 06:00:00,28444.26,28690.24,28487.34,28611.26,355.52153927
2023-05-03 07:00:00,28594.63,28691.37,28615.27,28668.53,196.05901077
2023-05-03 08:00:00,28602.07,28782.02,28666.51,28698.97,374.44514356
2023-05-03 09:00:00,28612.2,28712.64,28700.11,28671.43,160.33221077
2023-05-03 10:00:00,28566.05,28691.73,28670.23,28582.02,212.3102636
2023-05-03 11:00:00,28532.64,28655.23,28580.63,28551.59,232.23987274
2023-05-03 12:00:00,28239.7,28585.79,28552.22,28316.03,801.80672061
2023-05-03 13:00:00,28122.0,28407.84,28315.75,28388.74,992.20615799
2023-05-03 14:00:00,28122.0,28396.95,28389.11,28227.07,688.31840816
2023-05-03 15:00:00,28157.12,28358.1,28225.26,28317.74,396.47446737
2023-05-03 16:00:00,28254.17,28499.37,28317.27,28489.75,491.88633052
2023-05-03 17:00:00,28420.45,28794.84,28489.52,28580.37,1362.69528685
2023-05-03 18:00:00,28240.0,28817.03,28580.0,28452.74,2640.48948131
2023-05-03 19:00:00,28214.77,28520.05,28452.74,28330.69,1212.20725545
2023-05-03 20:00:00,28284.64,28586.68,28327.38,28531.15,795.99615202
2023-05-03 21:00:00,28529.0,29075.3,28531.15,28935.0,1604.96436746
2023-05-03 22:00:00,28934.93,29276.12,28936.68,29114.15,1036.8089781
2023-05-03 23:00:00,28946.71,29141.71,29113.99,29038.75,389.77874816
2023-05-04 00:00:00,28961.4,29118.05,29039.36,29055.19,369.45203962
2023-05-04 01:00:00,28983.28,29093.42,29055.19,29085.4,319.92385867
2023-05-04 02:00:00,29000.4,29203.76,29085.26,29066.4,404.48480324
2023-05-04 03:00:00,29027.85,29115.84,29072.59,29111.73,264.88208592
2023-05-04 04:00:00,29071.34,29136.96,29109.53,29111.4,328.87497621
2023-05-04 05:00:00,29065.09,29232.99,29111.89,29215.15,378.67853854
2023-05-04 06:00:00,29102.22,29249.53,29215.15,29176.54,253.73298133
2023-05-04 07:00:00,29047.15,29192.52,29176.5,29074.34,194.56197805
2023-05-04 08:00:00,28987.62,29120.89,29075.28,29100.76,168.07971272
2023-05-04 09:00:00,29045.65,29124.2,29098.01,29102.17,126.50811664
2023-05-04 10:00:00,29072.5,29383.5,29101.7,29254.76,425.41713851
2023-05-04 11:00:00,29120.0,29277.02,29254.89,29169.78,258.51402804
2023-05-04 12:00:00,28995.95,29254.75,29169.01,29070.56,840.90846876
2023-05-04 13:00:00,28674.58,29105.94,29071.69,28772.31,1154.59565936
2023-05-04 14:00:00,28744.13,28947.72,28772.31,28792.26,1055.62612723
2023-05-04 15:00:00,28781.78,28955.01,28790.88,28878.78,576.13704601
2023-05-04 16:00:00,28819.77,28986.36,28877.46,28938.04,479.79186216
2023-05-04 17:00:00,28804.49,28976.45,28938.09,28852.23,539.78720489
2023-05-04 18:00:00,28684.43,28872.42,28852.23,28815.51,611.19171994
2023-05-04 19:00:00,28736.21,28917.68,28816.22,28908.98,416.75605426
2023-05-04 20:00:00,28826.34,28939.42,28910.81,28886.85,377.61444963
2023-05-04 21:00:00,28802.42,28916.93,28886.92,28852.92,320.80132047
2023-05-04 22:00:00,28759.6,28867.69,28852.91,28791.4,289.64834667
2023-05-04 23:00:00,28787.01,28876.83,28791.32,28857.23,251.19215802
2023-05-05 00:00:00,28836.48,28980.3,28857.88,28957.35,340.13217251
2023-05-05 01:00:00,28892.07,29370.83,28957.62,29344.87,992.41354851
2023-05-05 02:00:00,29212.33,29555.0,29339.65,29262.95,817.90632983
2023-05-05 03:00:00,29155.35,29315.25,29264.39,29212.76,299.8517244
2023-05-05 04:00:00,29192.27,29298.02,29210.5,29242.54,473.02273139
2023-05-05 05:00:00,29172.44,29271.04,29242.54,29216.22,245.75948697
2023-05-05 06:00:00,29143.91,29253.75,29214.98,29182.37,195.81343049
2023-05-05 07:00:00,29053.45,29259.01,29182.39,29087.65,477.60746333
2023-05-05 08:00:00,29052.93,29139.83,29083.9,29074.91,151.21675493
2023-05-05 09:00:00,29038.83,29157.89,29075.43,29118.45,174.76501461
2023-05-05 10:00:00,29079.21,29147.28,29118.46,29122.29,176.14950762
2023-05-05 11:00:00,29084.49,29208.38,29122.32,29163.63,205.23005152
2023-05-05 12:00:00,28810.0,29292.62,29164.52,28967.46,1341.76612404
2023-05-05 13:00:00,28908.96,29260.26,28968.55,29191.34,725.03815328
2023-05-05 14:00:00,29127.51,29460.34,29189.9,29277.65,1477.17838118
2023-05-05 15:00:00,29180.0,29400.0,29278.91,29384.14,772.96495584
2023-05-05 16:00:00,29378.99,29706.57,29383.93,29611.52,2155.4004753
2023-05-05 17:00:00,29486.56,29699.99,29616.95,29493.26,899.3562485
2023-05-05 18:00:00,29340.71,29583.17,29491.87,29429.71,872.40027953
2023-05-05 19:00:00,29401.34,29594.56,29426.66,29589.48,619.59569189
2023-05-05 20:00:00,29476.54,29620.13,29584.7,29520.63,474.75580767
2023-05-05 21:00:00,29479.87,29580.52,29519.73,29516.04,257.91051346
2023-05-05 22:00:00,29496.3,29680.5,29516.08,29620.3,294.00242069
2023-05-05 23:00:00,29507.47,29631.97,29621.83,29536.76,250.88884961
2023-05-06 00:00:00,29511.34,29850.0,29538.87,29705.71,902.20654063
2023-05-06 01:00:00,29531.04,29731.78,29699.1,29574.6,406.71885026
2023-05-06 02:00:00,29472.01,29582.35,29574.6,29493.81,223.82970163
2023-05-06 03:00:00,29363.65,29503.58,29495.93,29389.35,317.63277993
2023-05-06 04:00:00,29352.08,29446.05,29389.21,29380.66,167.01986417
2023-05-06 05:00:00,29363.51,29422.77,29379.33,29378.78,105.65784222
2023-05-06 06:00:00,29293.34,29424.85,29381.05,29418.26,215.77707482
2023-05-06 07:00:00,29392.38,29466.76,29417.11,29397.38,80.18409584
2023-05-06 08:00:00,29166.26,29405.92,29394.21,29367.29,467.45053705
2023-05-06 09:00:00,29313.79,29393.22,29367.84,29315.52,91.08581639
2023-05-06 10:00:00,29236.48,29357.34,29316.4,29276.12,155.25964156
2023-05-06 11:00:00,29246.62,29312.23,29277.25,29302.78,119.1081749
2023-05-06 12:00:00,29051.99,29306.19,29300.36,29140.27,656.02027099
2023-05-06 13:00:00,28900.17,29140.26,29136.46,28979.96,571.62285602
2023-05-06 14:00:00,28577.83,28979.95,28979.95,28652.12,897.47585195
2023-05-06 15:00:00,28394.0,28684.51,28651.1,28627.75,538.95137308
2023-05-06 16:00:00,28586.61,28770.21,28625.31,28753.81,478.6094361
2023-05-06 17:00:00,28722.62,28902.5,28756.36,28828.4,310.82357255
2023-05-06 18:00:00,28812.31,29019.62,28829.43,28963.55,314.37046103
2023-05-06 19:00:00,28892.57,29022.44,28963.54,28897.58,235.01846949
2023-05-06 20:00:00,28832.19,28924.03,28893.63,28846.61,239.41567681
2023-05-06 21:00:00,28700.0,28883.32,28846.71,28859.71,285.80075908
2023-05-06 22:00:00,28808.5,28919.74,28858.43,28890.43,244.26669432
2023-05-06 23:00:00,28855.62,28940.8,28888.97,28902.66,522.49240772
2023-05-07 00:00:00,28843.08,29013.58,28901.3,28998.46,312.26152279
2023-05-07 01:00:00,28868.24,29189.71,28996.99,28946.07,420.84747822
2023-05-07 02:00:00,28847.26,29005.12,28943.74,28862.93,254.68843401
2023-05-07 03:00:00,28795.42,28896.3,28862.92,28852.99,232.17370423
2023-05-07 04:00:00,28835.29,28906.67,28856.06,28891.81,126.81581762
2023-05-07 05:00:00,28865.98,28960.34,28892.78,28934.39,111.37106637
2023-05-07 06:00:00,28910.0,28983.37,28933.92,28954.4,115.19766832
2023-05-07 07:00:00,28933.8,28999.35,28949.84,28946.85,84.59410199
2023-05-07 08:00:00,28884.09,29002.78,28949.02,28898.97,129.5760575
2023-05-07 09:00:00,28794.2,28929.08,28898.33,28857.53,138.23223786
2023-05-07 10:00:00,28829.28,28907.4,28855.14,28889.15,84.88598391
2023-05-07 11:00:00,28742.27,28960.9,28891.34,28882.35,243.67329634
2023-05-07 12:00:00,28878.86,28985.67,28882.29,28957.28,116.33547219
2023-05-07 13:00:00,28926.72,29033.95,28960.47,28960.06,183.21143664
2023-05-07 14:00:00,28920.01,29139.22,28958.62,29087.35,266.62931728
2023-05-07 15:00:00,28934.13,29091.21,29087.03,28981.97,207.49438929
2023-05-07 16:00:00,28841.73,29016.43,28981.59,28990.54,331.55485079
2023-05-07 17:00:00,28912.22,29069.73,28990.16,28940.43,183.10310395
2023-05-07 18:00:00,28888.6,28998.6,28940.43,28893.69,158.79158717
2023-05-07 19:00:00,28811.16,28971.97,28892.33,28947.11,310.72798951
2023-05-07 20:00:00,28918.73,28992.6,28945.63,28951.21,157.97550087
2023-05-07 21:00:00,28784.21,28998.19,28948.87,28809.98,260.27350051
2023-05-07 22:00:00,28754.61,28896.09,28811.75,28776.42,306.17393077
2023-05-07 23:00:00,28429.12,28832.66,28779.81,28474.53,1148.0816261
2023-05-08 00:00:00,28400.0,28676.38,28472.68,28611.38,801.02371049
2023-05-08 01:00:00,28100.0,28629.59,28611.33,28267.27,1265.17063424
2023-05-08 02:00:00,28169.89,28345.66,28267.21,28325.84,618.11605494
2023-05-08 03:00:00,28059.0,28322.3,28322.3,28235.05,783.44136046
2023-05-08 04:00:00,28148.75,28269.74,28230.48,28156.34,299.8459655
2023-05-08 05:00:00,28111.6,28301.63,28157.79,28296.3,212.72885431
2023-05-08 06:00:00,28171.44,28300.0,28296.3,28212.13,250.74642892
2023-05-08 07:00:00,27861.17,28232.81,28209.66,28011.84,641.70852065
2023-05-08 08:00:00,27605.23,28030.69,28011.08,27738.35,882.75538428
2023-05-08 09:00:00,27716.59,27997.89,27738.39,27957.25,506.0099366
2023-05-08 10:00:00,27900.53,27989.34,27955.56,27970.79,249.03900589
2023-05-08 11:00:00,27900.02,28005.29,27970.67,27965.23,256.06559317
2023-05-08 12:00:00,27770.22,27975.5,27965.23,27793.07,730.88498216
2023-05-08 13:00:00,27733.24,28003.97,27793.41,27880.98,802.53909289
2023-05-08 14:00:00,27700.0,28000.0,27881.01,27992.42,957.16288579
2023-05-08 15:00:00,27873.25,28107.42,27996.0,27909.65,639.21453018
2023-05-08 16:00:00,27854.97,27956.38,27909.37,27893.37,393.56222317
2023-05-08 17:00:00,27757.78,27929.93,27893.69,27814.01,387.89927964
